t,a,x,y,H,w_phi,omega_phi
0.00000e+00,1.00000e-10,1.00000e-03,2.89675e-01,5.53775e+17,-1.00000e+00,1.08695e-36
1.40281e-01,1.67451e-01,1.00358e-03,2.89675e-01,4.76814e+00,-1.00000e+00,1.46615e-02
2.80561e-01,2.66961e-01,1.01432e-03,2.89673e-01,2.42037e+00,-1.00000e+00,5.69001e-02
4.20842e-01,3.52596e-01,1.03222e-03,2.89670e-01,1.65245e+00,-1.00000e+00,1.22072e-01
5.61122e-01,4.31955e-01,1.05731e-03,2.89667e-01,1.27945e+00,-9.99999e-01,2.03623e-01
7.01403e-01,5.08503e-01,1.08962e-03,2.89662e-01,1.06412e+00,-9.99999e-01,2.94370e-01
8.41683e-01,5.84339e-01,1.12919e-03,2.89656e-01,9.27279e-01,-9.99999e-01,3.87663e-01
9.81964e-01,6.60955e-01,1.17611e-03,2.89650e-01,8.34945e-01,-9.99998e-01,4.78145e-01
1.12224e+00,7.39526e-01,1.23045e-03,2.89643e-01,7.70096e-01,-9.99998e-01,5.62064e-01
1.26253e+00,8.21048e-01,1.29234e-03,2.89635e-01,7.23260e-01,-9.99997e-01,6.37215e-01
1.40281e+00,9.06418e-01,1.36193e-03,2.89626e-01,6.88746e-01,-9.99997e-01,7.02679e-01
1.54309e+00,9.96473e-01,1.43940e-03,2.89617e-01,6.62933e-01,-9.99996e-01,7.58465e-01
1.68337e+00,1.09202e+00,1.52498e-03,2.89607e-01,6.43413e-01,-9.99995e-01,8.05181e-01
1.82365e+00,1.19387e+00,1.61895e-03,2.89598e-01,6.28529e-01,-9.99994e-01,8.43766e-01
1.96393e+00,1.30282e+00,1.72161e-03,2.89587e-01,6.17107e-01,-9.99993e-01,8.75288e-01
2.10421e+00,1.41972e+00,1.83333e-03,2.89577e-01,6.08300e-01,-9.99992e-01,9.00817e-01
2.24449e+00,1.54541e+00,1.95453e-03,2.89566e-01,6.01482e-01,-9.99990e-01,9.21351e-01
2.38477e+00,1.68082e+00,2.08567e-03,2.89556e-01,5.96189e-01,-9.99989e-01,9.37780e-01
2.52505e+00,1.82689e+00,2.22729e-03,2.89545e-01,5.92071e-01,-9.99987e-01,9.50867e-01
2.66533e+00,1.98464e+00,2.37996e-03,2.89534e-01,5.88862e-01,-9.99985e-01,9.61258e-01
2.80561e+00,2.15515e+00,2.54433e-03,2.89523e-01,5.86356e-01,-9.99982e-01,9.69486e-01
2.94589e+00,2.33958e+00,2.72112e-03,2.89513e-01,5.84398e-01,-9.99980e-01,9.75989e-01
3.08617e+00,2.53917e+00,2.91109e-03,2.89502e-01,5.82867e-01,-9.99976e-01,9.81119e-01
3.22645e+00,2.75527e+00,3.11509e-03,2.89492e-01,5.81668e-01,-9.99973e-01,9.85161e-01
3.36673e+00,2.98931e+00,3.33404e-03,2.89481e-01,5.80729e-01,-9.99969e-01,9.88343e-01
3.50701e+00,3.24286e+00,3.56892e-03,2.89471e-01,5.79992e-01,-9.99964e-01,9.90846e-01
3.64729e+00,3.51758e+00,3.82081e-03,2.89461e-01,5.79415e-01,-9.99959e-01,9.92814e-01
3.78758e+00,3.81531e+00,4.09087e-03,2.89452e-01,5.78961e-01,-9.99953e-01,9.94359e-01
3.92786e+00,4.13800e+00,4.38035e-03,2.89443e-01,5.78604e-01,-9.99945e-01,9.95573e-01
4.06814e+00,4.48779e+00,4.69057e-03,2.89434e-01,5.78324e-01,-9.99937e-01,9.96526e-01
4.20842e+00,4.86697e+00,5.02299e-03,2.89425e-01,5.78102e-01,-9.99928e-01,9.97275e-01
4.34870e+00,5.27804e+00,5.37915e-03,2.89417e-01,5.77926e-01,-9.99918e-01,9.97862e-01
4.48898e+00,5.72370e+00,5.76072e-03,2.89410e-01,5.77787e-01,-9.99905e-01,9.98323e-01
4.62926e+00,6.20689e+00,6.16947e-03,2.89403e-01,5.77675e-01,-9.99891e-01,9.98684e-01
4.76954e+00,6.73078e+00,6.60733e-03,2.89396e-01,5.77585e-01,-9.99875e-01,9.98968e-01
4.90982e+00,7.29879e+00,7.07633e-03,2.89390e-01,5.77511e-01,-9.99857e-01,9.99190e-01
5.05010e+00,7.91467e+00,7.57869e-03,2.89385e-01,5.77450e-01,-9.99836e-01,9.99365e-01
5.19038e+00,8.58245e+00,8.11675e-03,2.89381e-01,5.77398e-01,-9.99812e-01,9.99502e-01
5.33066e+00,9.30651e+00,8.69304e-03,2.89378e-01,5.77353e-01,-9.99784e-01,9.99609e-01
5.47094e+00,1.00916e+01,9.31028e-03,2.89375e-01,5.77312e-01,-9.99752e-01,9.99693e-01
5.61122e+00,1.09428e+01,9.97135e-03,2.89374e-01,5.77275e-01,-9.99716e-01,9.99760e-01
5.75150e+00,1.18658e+01,1.06794e-02,2.89374e-01,5.77238e-01,-9.99674e-01,9.99811e-01
5.89178e+00,1.28666e+01,1.14377e-02,2.89376e-01,5.77202e-01,-9.99626e-01,9.99852e-01
6.03206e+00,1.39517e+01,1.22498e-02,2.89379e-01,5.77165e-01,-9.99571e-01,9.99884e-01
6.17234e+00,1.51283e+01,1.31196e-02,2.89384e-01,5.77125e-01,-9.99508e-01,9.99909e-01
6.31263e+00,1.64040e+01,1.40512e-02,2.89392e-01,5.77083e-01,-9.99436e-01,9.99929e-01
6.45291e+00,1.77871e+01,1.50489e-02,2.89402e-01,5.77036e-01,-9.99353e-01,9.99944e-01
6.59319e+00,1.92867e+01,1.61174e-02,2.89414e-01,5.76984e-01,-9.99257e-01,9.99956e-01
6.73347e+00,2.09126e+01,1.72618e-02,2.89430e-01,5.76925e-01,-9.99148e-01,9.99966e-01
6.87375e+00,2.26753e+01,1.84876e-02,2.89450e-01,5.76859e-01,-9.99022e-01,9.99973e-01
7.01403e+00,2.45864e+01,1.98004e-02,2.89474e-01,5.76784e-01,-9.98878e-01,9.99979e-01
7.15431e+00,2.66583e+01,2.12064e-02,2.89502e-01,5.76699e-01,-9.98713e-01,9.99983e-01
7.29459e+00,2.89044e+01,2.27124e-02,2.89536e-01,5.76601e-01,-9.98523e-01,9.99987e-01
7.43487e+00,3.13393e+01,2.43255e-02,2.89576e-01,5.76490e-01,-9.98306e-01,9.99990e-01
7.57515e+00,3.39787e+01,2.60532e-02,2.89624e-01,5.76363e-01,-9.98055e-01,9.99992e-01
7.71543e+00,3.68397e+01,2.79039e-02,2.89679e-01,5.76217e-01,-9.97768e-01,9.99994e-01
7.85571e+00,3.99407e+01,2.98863e-02,2.89744e-01,5.76049e-01,-9.97438e-01,9.99995e-01
7.99599e+00,4.33017e+01,3.20099e-02,2.89820e-01,5.75858e-01,-9.97059e-01,9.99996e-01
8.13627e+00,4.69442e+01,3.42848e-02,2.89908e-01,5.75638e-01,-9.96624e-01,9.99997e-01
8.27655e+00,5.08913e+01,3.67220e-02,2.90010e-01,5.75386e-01,-9.96123e-01,9.99998e-01
8.41683e+00,5.51683e+01,3.93331e-02,2.90129e-01,5.75098e-01,-9.95547e-01,9.99998e-01
8.55711e+00,5.98021e+01,4.21307e-02,2.90266e-01,5.74767e-01,-9.94885e-01,9.99999e-01
8.69739e+00,6.48219e+01,4.51284e-02,2.90424e-01,5.74387e-01,-9.94123e-01,9.99999e-01
8.83768e+00,7.02590e+01,4.83408e-02,2.90607e-01,5.73952e-01,-9.93246e-01,9.99999e-01
8.97796e+00,7.61472e+01,5.17836e-02,2.90818e-01,5.73453e-01,-9.92235e-01,9.99999e-01
9.11824e+00,8.25227e+01,5.54737e-02,2.91061e-01,5.72881e-01,-9.91070e-01,9.99999e-01
9.25852e+00,8.94243e+01,5.94294e-02,2.91341e-01,5.72225e-01,-9.89725e-01,1.00000e+00
9.39880e+00,9.68936e+01,6.36704e-02,2.91663e-01,5.71472e-01,-9.88173e-01,1.00000e+00
9.53908e+00,1.04975e+02,6.82181e-02,2.92035e-01,5.70610e-01,-9.86379e-01,1.00000e+00
9.67936e+00,1.13715e+02,7.30957e-02,2.92463e-01,5.69621e-01,-9.84303e-01,1.00000e+00
9.81964e+00,1.23165e+02,7.83280e-02,2.92955e-01,5.68487e-01,-9.81898e-01,1.00000e+00
9.95992e+00,1.33378e+02,8.39424e-02,2.93522e-01,5.67188e-01,-9.79108e-01,1.00000e+00
1.01002e+01,1.44409e+02,8.99685e-02,2.94174e-01,5.65698e-01,-9.75866e-01,1.00000e+00
1.02405e+01,1.56317e+02,9.64384e-02,2.94925e-01,5.63991e-01,-9.72093e-01,1.00000e+00
1.03808e+01,1.69165e+02,1.03387e-01,2.95790e-01,5.62035e-01,-9.67691e-01,1.00000e+00
1.05210e+01,1.83014e+02,1.10854e-01,2.96786e-01,5.59793e-01,-9.62546e-01,1.00000e+00
1.06613e+01,1.97930e+02,1.18880e-01,2.97934e-01,5.57226e-01,-9.56515e-01,1.00000e+00
1.08016e+01,2.13979e+02,1.27512e-01,2.99257e-01,5.54286e-01,-9.49428e-01,1.00000e+00
1.09419e+01,2.31228e+02,1.36801e-01,3.00782e-01,5.50922e-01,-9.41074e-01,1.00000e+00
1.10822e+01,2.49741e+02,1.46803e-01,3.02542e-01,5.47072e-01,-9.31193e-01,1.00000e+00
1.12224e+01,2.69580e+02,1.57579e-01,3.04573e-01,5.42672e-01,-9.19466e-01,1.00000e+00
1.13627e+01,2.90803e+02,1.69198e-01,3.06920e-01,5.37645e-01,-9.05493e-01,1.00000e+00
1.15030e+01,3.13461e+02,1.81736e-01,3.09633e-01,5.31911e-01,-8.88781e-01,1.00000e+00
1.16433e+01,3.37594e+02,1.95274e-01,3.12772e-01,5.25379e-01,-8.68714e-01,1.00000e+00
1.17836e+01,3.63229e+02,2.09903e-01,3.16406e-01,5.17954e-01,-8.44527e-01,1.00000e+00
1.19238e+01,3.90378e+02,2.25721e-01,3.20617e-01,5.09535e-01,-8.15280e-01,1.00000e+00
1.20641e+01,4.19028e+02,2.42834e-01,3.25499e-01,5.00023e-01,-7.79833e-01,1.00000e+00
1.22044e+01,4.49145e+02,2.61351e-01,3.31161e-01,4.89323e-01,-7.36841e-01,1.00000e+00
1.23447e+01,4.80662e+02,2.81384e-01,3.37729e-01,4.77359e-01,-6.84799e-01,1.00000e+00
1.24850e+01,5.13481e+02,3.03035e-01,3.45344e-01,4.64083e-01,-6.22182e-01,1.00000e+00
1.26253e+01,5.47469e+02,3.26389e-01,3.54163e-01,4.49493e-01,-5.47780e-01,1.00000e+00
1.27655e+01,5.82463e+02,3.51487e-01,3.64353e-01,4.33657e-01,-4.61344e-01,1.00000e+00
1.29058e+01,6.18268e+02,3.78301e-01,3.76081e-01,4.16727e-01,-3.64706e-01,1.00000e+00
1.30461e+01,6.54678e+02,4.06684e-01,3.89496e-01,3.98956e-01,-2.63420e-01,1.00000e+00
1.31864e+01,6.91478e+02,4.36312e-01,4.04707e-01,3.80692e-01,-1.68622e-01,1.00000e+00
1.33267e+01,7.28470e+02,4.66609e-01,4.21745e-01,3.62362e-01,-9.80458e-02,1.00000e+00
1.34669e+01,7.65488e+02,4.96683e-01,4.40524e-01,3.44427e-01,-7.41593e-02,1.00000e+00
1.36072e+01,8.02411e+02,5.25278e-01,4.60816e-01,3.27360e-01,-1.17148e-01,1.00000e+00
1.37475e+01,8.39176e+02,5.50793e-01,4.82243e-01,3.11612e-01,-2.32459e-01,1.00000e+00
1.38878e+01,8.75791e+02,5.71386e-01,5.04329e-01,2.97572e-01,-3.97469e-01,1.00000e+00
1.40281e+01,9.12326e+02,5.85175e-01,5.26601e-01,2.85444e-01,-5.57243e-01,1.00000e+00
1.41683e+01,9.48890e+02,5.90516e-01,5.48733e-01,2.75047e-01,-6.39055e-01,1.00000e+00
1.43086e+01,9.85564e+02,5.86311e-01,5.70687e-01,2.65689e-01,-5.83739e-01,1.00000e+00
1.44489e+01,1.02233e+03,5.72313e-01,5.92770e-01,2.56345e-01,-3.77641e-01,1.00000e+00
1.45892e+01,1.05902e+03,5.49437e-01,6.15572e-01,2.46179e-01,-7.22213e-02,1.00000e+00
1.47295e+01,1.09538e+03,5.20029e-01,6.39720e-01,2.35018e-01,2.10467e-01,1.00000e+00
1.48697e+01,1.13117e+03,4.88028e-01,6.65528e-01,2.23324e-01,3.08347e-01,1.00000e+00
1.50100e+01,1.16622e+03,4.58779e-01,6.92702e-01,2.11778e-01,1.26379e-01,1.00000e+00
1.51503e+01,1.20046e+03,4.38248e-01,7.20361e-01,2.01076e-01,-2.22645e-01,1.00000e+00
1.52906e+01,1.23398e+03,4.31649e-01,7.47504e-01,1.91786e-01,-4.12276e-01,1.00000e+00
1.54309e+01,1.26691e+03,4.41761e-01,7.73658e-01,1.83793e-01,-1.60606e-01,1.00000e+00
1.55711e+01,1.29931e+03,4.67353e-01,7.99167e-01,1.76277e-01,4.09297e-01,1.00000e+00
1.57114e+01,1.33114e+03,5.02242e-01,8.24699e-01,1.68819e-01,7.24651e-01,1.00000e+00
1.58517e+01,1.36236e+03,5.35922e-01,8.50199e-01,1.61899e-01,3.18338e-01,1.00000e+00
1.59920e+01,1.39309e+03,5.56582e-01,8.74449e-01,1.56371e-01,-4.10954e-01,1.00000e+00
1.61323e+01,1.42358e+03,5.55836e-01,8.96024e-01,1.52596e-01,-4.96159e-01,1.00000e+00
1.62725e+01,1.45405e+03,5.33010e-01,9.14646e-01,1.49232e-01,1.87372e-01,1.00000e+00
1.64128e+01,1.48439e+03,4.96917e-01,9.31075e-01,1.45119e-01,5.45329e-01,1.00000e+00
1.65531e+01,1.51452e+03,4.63314e-01,9.45460e-01,1.41600e-01,-1.64501e-01,1.00000e+00
1.66934e+01,1.54472e+03,4.47684e-01,9.56599e-01,1.40243e-01,-9.12735e-01,1.00000e+00
1.68337e+01,1.57535e+03,4.57167e-01,9.63478e-01,1.39571e-01,-5.51689e-01,1.00000e+00
1.69739e+01,1.60621e+03,4.86622e-01,9.66631e-01,1.36498e-01,1.89102e-01,1.00000e+00
1.71142e+01,1.63674e+03,5.20999e-01,9.67076e-01,1.32065e-01,-1.17587e-02,1.00000e+00
1.72545e+01,1.66703e+03,5.43309e-01,9.64678e-01,1.29878e-01,-8.24921e-01,1.00000e+00
1.73948e+01,1.69764e+03,5.43663e-01,9.58751e-01,1.29559e-01,-8.00945e-01,1.00000e+00
1.75351e+01,1.72855e+03,5.23615e-01,9.49656e-01,1.27078e-01,-2.35878e-02,1.00000e+00
1.76754e+01,1.75901e+03,4.94162e-01,9.38626e-01,1.21784e-01,2.92309e-01,1.00000e+00
1.78156e+01,1.78873e+03,4.69387e-01,9.26355e-01,1.17615e-01,-2.76343e-01,1.00000e+00
1.79559e+01,1.81830e+03,4.59470e-01,9.12719e-01,1.16481e-01,-6.89698e-01,1.00000e+00
1.80962e+01,1.84818e+03,4.66859e-01,8.97804e-01,1.15604e-01,-2.82013e-01,1.00000e+00
1.82365e+01,1.87801e+03,4.86680e-01,8.82424e-01,1.12209e-01,3.31892e-01,1.00000e+00
1.83768e+01,1.90717e+03,5.10023e-01,8.67520e-01,1.07529e-01,3.47565e-01,1.00000e+00
1.85170e+01,1.93568e+03,5.28050e-01,8.53482e-01,1.04514e-01,-2.38647e-01,1.00000e+00
1.86573e+01,1.96413e+03,5.35140e-01,8.40276e-01,1.03731e-01,-6.33447e-01,1.00000e+00
1.87976e+01,1.99287e+03,5.30142e-01,8.27991e-01,1.03175e-01,-4.33193e-01,1.00000e+00
1.89379e+01,2.02167e+03,5.15884e-01,8.17073e-01,1.01172e-01,-1.26781e-02,1.00000e+00
1.90782e+01,2.05015e+03,4.97616e-01,8.08043e-01,9.82089e-02,7.15466e-02,1.00000e+00
1.92184e+01,2.07822e+03,4.81125e-01,8.01135e-01,9.59099e-02,-3.47677e-01,1.00000e+00
1.93587e+01,2.10621e+03,4.71065e-01,7.96243e-01,9.50311e-02,-8.53645e-01,1.00000e+00
1.94990e+01,2.13445e+03,4.69879e-01,7.93171e-01,9.49288e-02,-9.50919e-01,1.00000e+00
1.96393e+01,2.16303e+03,4.77404e-01,7.91889e-01,9.45463e-02,-6.20109e-01,1.00000e+00
1.97796e+01,2.19176e+03,4.91125e-01,7.92532e-01,9.35145e-02,-2.47476e-01,1.00000e+00
1.99198e+01,2.22051e+03,5.06938e-01,7.95195e-01,9.22921e-02,-2.21498e-01,1.00000e+00
2.00601e+01,2.24929e+03,5.20245e-01,7.99729e-01,9.14255e-02,-5.49855e-01,1.00000e+00
2.02004e+01,2.27825e+03,5.27188e-01,8.05774e-01,9.09588e-02,-8.33539e-01,1.00000e+00
2.03407e+01,2.30744e+03,5.25726e-01,8.12968e-01,9.05214e-02,-7.11848e-01,1.00000e+00
2.04810e+01,2.33681e+03,5.16291e-01,8.21133e-01,8.97459e-02,-2.69939e-01,1.00000e+00
2.06212e+01,2.36623e+03,5.01807e-01,8.30218e-01,8.86075e-02,3.85052e-02,1.00000e+00
2.07615e+01,2.39562e+03,4.86959e-01,8.40077e-01,8.73830e-02,-1.21311e-01,1.00000e+00
2.09018e+01,2.42498e+03,4.76779e-01,8.50336e-01,8.63278e-02,-5.36867e-01,1.00000e+00
2.10421e+01,2.45437e+03,4.74913e-01,8.60519e-01,8.54720e-02,-6.60280e-01,1.00000e+00
2.11824e+01,2.48384e+03,4.82178e-01,8.70314e-01,8.46225e-02,-3.19913e-01,1.00000e+00
2.13226e+01,2.51332e+03,4.96003e-01,8.79626e-01,8.36169e-02,8.73053e-03,1.00000e+00
2.14629e+01,2.54279e+03,5.11141e-01,8.88361e-01,8.26173e-02,-1.86790e-01,1.00000e+00
2.16032e+01,2.57230e+03,5.21607e-01,8.96212e-01,8.19524e-02,-7.03335e-01,1.00000e+00
2.17435e+01,2.60198e+03,5.23149e-01,9.02783e-01,8.16535e-02,-8.55983e-01,1.00000e+00
2.18838e+01,2.63190e+03,5.15149e-01,9.07877e-01,8.12931e-02,-4.98677e-01,1.00000e+00
2.20240e+01,2.66196e+03,5.01036e-01,9.11556e-01,8.05599e-02,-2.41683e-01,1.00000e+00
2.21643e+01,2.69206e+03,4.86876e-01,9.13867e-01,7.98030e-02,-5.31593e-01,1.00000e+00
2.23046e+01,2.72230e+03,4.78697e-01,9.14675e-01,7.95104e-02,-9.54708e-01,1.00000e+00
2.24449e+01,2.75282e+03,4.79801e-01,9.13836e-01,7.94655e-02,-8.82319e-01,1.00000e+00
2.25852e+01,2.78361e+03,4.89379e-01,9.11458e-01,7.89672e-02,-4.53453e-01,1.00000e+00
2.27255e+01,2.81442e+03,5.03037e-01,9.07827e-01,7.79244e-02,-3.03447e-01,1.00000e+00
2.28657e+01,2.84516e+03,5.14888e-01,9.03147e-01,7.70483e-02,-6.13160e-01,1.00000e+00
2.30060e+01,2.87600e+03,5.20172e-01,8.97471e-01,7.67607e-02,-8.60309e-01,1.00000e+00
2.31463e+01,2.90711e+03,5.17151e-01,8.90903e-01,7.65605e-02,-6.53759e-01,1.00000e+00
2.32866e+01,2.93837e+03,5.07534e-01,8.83734e-01,7.58000e-02,-2.84010e-01,1.00000e+00
2.34269e+01,2.96954e+03,4.95460e-01,8.76324e-01,7.46537e-02,-2.41390e-01,1.00000e+00
2.35671e+01,3.00061e+03,4.85645e-01,8.68914e-01,7.38298e-02,-5.53832e-01,1.00000e+00
2.37074e+01,3.03177e+03,4.81552e-01,8.61614e-01,7.35635e-02,-7.79166e-01,1.00000e+00
2.38477e+01,3.06319e+03,4.84270e-01,8.54561e-01,7.33696e-02,-6.50625e-01,1.00000e+00
2.39880e+01,3.09477e+03,4.92399e-01,8.47996e-01,7.27661e-02,-3.93485e-01,1.00000e+00
2.41283e+01,3.12633e+03,5.02803e-01,8.42182e-01,7.18891e-02,-3.76275e-01,1.00000e+00
2.42685e+01,3.15785e+03,5.11827e-01,8.37274e-01,7.12363e-02,-6.56225e-01,1.00000e+00
2.44088e+01,3.18951e+03,5.16546e-01,8.33308e-01,7.10144e-02,-9.22254e-01,1.00000e+00
2.45491e+01,3.22143e+03,5.15627e-01,8.30295e-01,7.09564e-02,-9.01981e-01,1.00000e+00
2.46894e+01,3.25361e+03,5.09622e-01,8.28300e-01,7.07144e-02,-6.78774e-01,1.00000e+00
2.48297e+01,3.28594e+03,5.00674e-01,8.27421e-01,7.02639e-02,-5.52362e-01,1.00000e+00
2.49699e+01,3.31839e+03,4.91773e-01,8.27688e-01,6.98573e-02,-6.83592e-01,1.00000e+00
2.51102e+01,3.35102e+03,4.85800e-01,8.29022e-01,6.96730e-02,-9.11173e-01,1.00000e+00
2.52505e+01,3.38392e+03,4.84631e-01,8.31290e-01,6.96251e-02,-9.52231e-01,1.00000e+00
2.53908e+01,3.41711e+03,4.88570e-01,8.34386e-01,6.94974e-02,-7.47405e-01,1.00000e+00
2.55311e+01,3.45052e+03,4.96245e-01,8.38256e-01,6.91905e-02,-5.24977e-01,1.00000e+00
2.56713e+01,3.48407e+03,5.05042e-01,8.42830e-01,6.88007e-02,-5.29973e-01,1.00000e+00
2.58116e+01,3.51778e+03,5.11944e-01,8.47955e-01,6.84732e-02,-7.28943e-01,1.00000e+00
2.59519e+01,3.55167e+03,5.14551e-01,8.53414e-01,6.82362e-02,-8.45888e-01,1.00000e+00
2.60922e+01,3.58577e+03,5.11941e-01,8.59011e-01,6.79908e-02,-7.16057e-01,1.00000e+00
2.62325e+01,3.62005e+03,5.05053e-01,8.64623e-01,6.76446e-02,-5.05744e-01,1.00000e+00
2.63727e+01,3.65446e+03,4.96416e-01,8.70151e-01,6.72402e-02,-5.01850e-01,1.00000e+00
2.65130e+01,3.68901e+03,4.89269e-01,8.75441e-01,6.69147e-02,-7.27808e-01,1.00000e+00
2.66533e+01,3.72375e+03,4.86328e-01,8.80291e-01,6.67329e-02,-8.97268e-01,1.00000e+00
2.67936e+01,3.75873e+03,4.88716e-01,8.84531e-01,6.65976e-02,-8.08470e-01,1.00000e+00
2.69339e+01,3.79396e+03,4.95464e-01,8.88083e-01,6.63725e-02,-6.28413e-01,1.00000e+00
2.70741e+01,3.82937e+03,5.03858e-01,8.90917e-01,6.60828e-02,-6.51528e-01,1.00000e+00
2.72144e+01,3.86498e+03,5.10528e-01,8.92964e-01,6.58918e-02,-8.74356e-01,1.00000e+00
2.73547e+01,3.90085e+03,5.12830e-01,8.94130e-01,6.58549e-02,-9.97021e-01,1.00000e+00
2.74950e+01,3.93705e+03,5.09933e-01,8.94371e-01,6.58081e-02,-8.66277e-01,1.00000e+00
2.76353e+01,3.97351e+03,5.03136e-01,8.93742e-01,6.55860e-02,-6.89287e-01,1.00000e+00
2.77756e+01,4.01014e+03,4.95285e-01,8.92332e-01,6.52709e-02,-7.19600e-01,1.00000e+00
2.79158e+01,4.04697e+03,4.89549e-01,8.90195e-01,6.50761e-02,-8.95392e-01,1.00000e+00
2.80561e+01,4.08406e+03,4.88123e-01,8.87369e-01,6.50264e-02,-9.44203e-01,1.00000e+00
2.81964e+01,4.12147e+03,4.91390e-01,8.83939e-01,6.49164e-02,-7.88261e-01,1.00000e+00
2.83367e+01,4.15909e+03,4.97879e-01,8.80062e-01,6.46121e-02,-6.37875e-01,1.00000e+00
2.84770e+01,4.19685e+03,5.04953e-01,8.75903e-01,6.42475e-02,-6.83036e-01,1.00000e+00
2.86172e+01,4.23477e+03,5.09907e-01,8.71580e-01,6.40304e-02,-8.40464e-01,1.00000e+00
2.87575e+01,4.27295e+03,5.10993e-01,8.67185e-01,6.39560e-02,-8.87478e-01,1.00000e+00
2.88978e+01,4.31143e+03,5.07999e-01,8.62837e-01,6.38335e-02,-7.74086e-01,1.00000e+00
2.90381e+01,4.35013e+03,5.02207e-01,8.58689e-01,6.35593e-02,-6.69561e-01,1.00000e+00
2.91784e+01,4.38899e+03,4.95824e-01,8.54886e-01,6.32485e-02,-7.24788e-01,1.00000e+00
2.93186e+01,4.42804e+03,4.91136e-01,8.51517e-01,6.30658e-02,-8.81241e-01,1.00000e+00
2.94589e+01,4.46737e+03,4.89713e-01,8.48635e-01,6.30155e-02,-9.58085e-01,1.00000e+00
2.95992e+01,4.50702e+03,4.91913e-01,8.46292e-01,6.29594e-02,-8.88496e-01,1.00000e+00
2.97395e+01,4.54696e+03,4.96842e-01,8.44560e-01,6.28053e-02,-7.89592e-01,1.00000e+00
2.98798e+01,4.58714e+03,5.02714e-01,8.43498e-01,6.26110e-02,-8.02964e-01,1.00000e+00
3.00200e+01,4.62756e+03,5.07493e-01,8.43118e-01,6.24895e-02,-9.19505e-01,1.00000e+00
3.01603e+01,4.66829e+03,5.09578e-01,8.43387e-01,6.24631e-02,-9.96860e-01,1.00000e+00
3.03006e+01,4.70937e+03,5.08321e-01,8.44261e-01,6.24475e-02,-9.42131e-01,1.00000e+00
3.04409e+01,4.75078e+03,5.04225e-01,8.45712e-01,6.23612e-02,-8.24274e-01,1.00000e+00
3.05812e+01,4.79248e+03,4.98757e-01,8.47710e-01,6.22157e-02,-7.83494e-01,1.00000e+00
3.07214e+01,4.83444e+03,4.93838e-01,8.50193e-01,6.20844e-02,-8.57533e-01,1.00000e+00
3.08617e+01,4.87670e+03,4.91185e-01,8.53060e-01,6.20050e-02,-9.37103e-01,1.00000e+00
3.10020e+01,4.91928e+03,4.91714e-01,8.56200e-01,6.19392e-02,-9.08951e-01,1.00000e+00
3.11423e+01,4.96218e+03,4.95203e-01,8.59522e-01,6.18268e-02,-8.03525e-01,1.00000e+00
3.12826e+01,5.00534e+03,5.00366e-01,8.62951e-01,6.16640e-02,-7.55219e-01,1.00000e+00
3.14228e+01,5.04877e+03,5.05299e-01,8.66397e-01,6.15092e-02,-8.26751e-01,1.00000e+00
3.15631e+01,5.09249e+03,5.08179e-01,8.69746e-01,6.14107e-02,-9.25116e-01,1.00000e+00
3.17034e+01,5.13652e+03,5.07947e-01,8.72882e-01,6.13484e-02,-9.26635e-01,1.00000e+00
3.18437e+01,5.18089e+03,5.04722e-01,8.75720e-01,6.12629e-02,-8.45134e-01,1.00000e+00
3.19840e+01,5.22556e+03,4.99764e-01,8.78207e-01,6.11387e-02,-8.10108e-01,1.00000e+00
3.21242e+01,5.27053e+03,4.95000e-01,8.80288e-01,6.10293e-02,-8.85501e-01,1.00000e+00
3.22645e+01,5.31582e+03,4.92266e-01,8.81897e-01,6.09839e-02,-9.79683e-01,1.00000e+00
3.24048e+01,5.36149e+03,4.92588e-01,8.82979e-01,6.09739e-02,-9.75236e-01,1.00000e+00
3.25451e+01,5.40753e+03,4.95780e-01,8.83517e-01,6.09257e-02,-8.93362e-01,1.00000e+00
3.26854e+01,5.45391e+03,5.00533e-01,8.83527e-01,6.08223e-02,-8.57998e-01,1.00000e+00
3.28257e+01,5.50060e+03,5.04956e-01,8.83033e-01,6.07274e-02,-9.18892e-01,1.00000e+00
3.29659e+01,5.54765e+03,5.07340e-01,8.82047e-01,6.06922e-02,-9.85402e-01,1.00000e+00
3.31062e+01,5.59508e+03,5.06822e-01,8.80594e-01,6.06785e-02,-9.60547e-01,1.00000e+00
3.32465e+01,5.64288e+03,5.03696e-01,8.78735e-01,6.06105e-02,-8.76790e-01,1.00000e+00
3.33868e+01,5.69102e+03,4.99249e-01,8.76553e-01,6.04832e-02,-8.43930e-01,1.00000e+00
3.35271e+01,5.73946e+03,4.95219e-01,8.74127e-01,6.03691e-02,-8.96264e-01,1.00000e+00
3.36673e+01,5.78824e+03,4.93112e-01,8.71523e-01,6.03164e-02,-9.52078e-01,1.00000e+00
3.38076e+01,5.83742e+03,4.93643e-01,8.68808e-01,6.02850e-02,-9.32828e-01,1.00000e+00
3.39479e+01,5.88696e+03,4.96514e-01,8.66070e-01,6.02078e-02,-8.68278e-01,1.00000e+00
3.40882e+01,5.93685e+03,5.00578e-01,8.63403e-01,6.00841e-02,-8.48743e-01,1.00000e+00
3.42285e+01,5.98705e+03,5.04309e-01,8.60889e-01,5.99781e-02,-9.02823e-01,1.00000e+00
3.43687e+01,6.03761e+03,5.06368e-01,8.58586e-01,5.99308e-02,-9.64060e-01,1.00000e+00
3.45090e+01,6.08858e+03,5.06078e-01,8.56544e-01,5.99111e-02,-9.62924e-01,1.00000e+00
3.46493e+01,6.13994e+03,5.03626e-01,8.54815e-01,5.98634e-02,-9.15315e-01,1.00000e+00
3.47896e+01,6.19169e+03,4.99953e-01,8.53454e-01,5.97811e-02,-8.94925e-01,1.00000e+00
3.49299e+01,6.24380e+03,4.96397e-01,8.52496e-01,5.97091e-02,-9.35500e-01,1.00000e+00
3.50701e+01,6.29630e+03,4.94208e-01,8.51950e-01,5.96813e-02,-9.89763e-01,1.00000e+00
3.52104e+01,6.34923e+03,4.94118e-01,8.51811e-01,5.96791e-02,-9.93177e-01,1.00000e+00
3.53507e+01,6.40260e+03,4.96105e-01,8.52072e-01,5.96585e-02,-9.46241e-01,1.00000e+00
3.54910e+01,6.45639e+03,4.99421e-01,8.52726e-01,5.96054e-02,-9.10452e-01,1.00000e+00
3.56313e+01,6.51057e+03,5.02865e-01,8.53752e-01,5.95470e-02,-9.28403e-01,1.00000e+00
3.57715e+01,6.56517e+03,5.05215e-01,8.55106e-01,5.95123e-02,-9.70990e-01,1.00000e+00
3.59118e+01,6.62020e+03,5.05652e-01,8.56733e-01,5.94951e-02,-9.77623e-01,1.00000e+00
3.60521e+01,6.67567e+03,5.04052e-01,8.58577e-01,5.94644e-02,-9.35985e-01,1.00000e+00
3.61924e+01,6.73156e+03,5.01022e-01,8.60588e-01,5.94049e-02,-8.97286e-01,1.00000e+00
3.63327e+01,6.78786e+03,4.97682e-01,8.62713e-01,5.93360e-02,-9.08855e-01,1.00000e+00
3.64729e+01,6.84457e+03,4.95258e-01,8.64885e-01,5.92858e-02,-9.52631e-01,1.00000e+00
3.66132e+01,6.90171e+03,4.94629e-01,8.67031e-01,5.92567e-02,-9.70394e-01,1.00000e+00
3.67535e+01,6.95931e+03,4.96002e-01,8.69086e-01,5.92246e-02,-9.42219e-01,1.00000e+00
3.68938e+01,7.01735e+03,4.98838e-01,8.70999e-01,5.91728e-02,-9.12073e-01,1.00000e+00
3.70341e+01,7.07581e+03,5.02051e-01,8.72726e-01,5.91158e-02,-9.26769e-01,1.00000e+00
3.71743e+01,7.13471e+03,5.04422e-01,8.74218e-01,5.90807e-02,-9.71876e-01,1.00000e+00
3.73146e+01,7.19408e+03,5.05068e-01,8.75429e-01,5.90700e-02,-9.92125e-01,1.00000e+00
3.74549e+01,7.25394e+03,5.03774e-01,8.76326e-01,5.90576e-02,-9.67592e-01,1.00000e+00
3.75952e+01,7.31427e+03,5.01074e-01,8.76897e-01,5.90235e-02,-9.39162e-01,1.00000e+00
3.77355e+01,7.37506e+03,4.98028e-01,8.77139e-01,5.89811e-02,-9.49877e-01,1.00000e+00
3.78758e+01,7.43632e+03,4.95809e-01,8.77051e-01,5.89574e-02,-9.85665e-01,1.00000e+00
3.80160e+01,7.49807e+03,4.95242e-01,8.76636e-01,5.89537e-02,-9.97000e-01,1.00000e+00
3.81563e+01,7.56033e+03,4.96500e-01,8.75912e-01,5.89423e-02,-9.68622e-01,1.00000e+00
3.82966e+01,7.62309e+03,4.99054e-01,8.74913e-01,5.89046e-02,-9.38805e-01,1.00000e+00
3.84369e+01,7.68631e+03,5.01898e-01,8.73683e-01,5.88563e-02,-9.44914e-01,1.00000e+00
3.85772e+01,7.75002e+03,5.03949e-01,8.72260e-01,5.88252e-02,-9.73488e-01,1.00000e+00
3.87174e+01,7.81423e+03,5.04462e-01,8.70685e-01,5.88125e-02,-9.81887e-01,1.00000e+00
3.88577e+01,7.87895e+03,5.03295e-01,8.69006e-01,5.87928e-02,-9.57815e-01,1.00000e+00
3.89980e+01,7.94418e+03,5.00937e-01,8.67280e-01,5.87501e-02,-9.34005e-01,1.00000e+00
3.91383e+01,8.00990e+03,4.98299e-01,8.65564e-01,5.87000e-02,-9.42135e-01,1.00000e+00
3.92786e+01,8.07611e+03,4.96359e-01,8.63905e-01,5.86676e-02,-9.71259e-01,1.00000e+00
3.94188e+01,8.14284e+03,4.95805e-01,8.62345e-01,5.86549e-02,-9.84782e-01,1.00000e+00
3.95591e+01,8.21011e+03,4.96793e-01,8.60925e-01,5.86402e-02,-9.69703e-01,1.00000e+00
3.96994e+01,8.27791e+03,4.98916e-01,8.59685e-01,5.86092e-02,-9.51547e-01,1.00000e+00
3.98397e+01,8.34622e+03,5.01375e-01,8.58662e-01,5.85726e-02,-9.58511e-01,1.00000e+00
3.99800e+01,8.41507e+03,5.03273e-01,8.57879e-01,5.85506e-02,-9.84593e-01,1.00000e+00
4.01202e+01,8.48447e+03,5.03947e-01,8.57348e-01,5.85461e-02,-9.98888e-01,1.00000e+00
4.02605e+01,8.55443e+03,5.03188e-01,8.57074e-01,5.85421e-02,-9.86429e-01,1.00000e+00
4.04008e+01,8.62497e+03,5.01303e-01,8.57064e-01,5.85246e-02,-9.66316e-01,1.00000e+00
4.05411e+01,8.69605e+03,4.98997e-01,8.57313e-01,5.84991e-02,-9.65424e-01,1.00000e+00
4.06814e+01,8.76769e+03,4.97105e-01,8.57810e-01,5.84810e-02,-9.83639e-01,1.00000e+00
4.08216e+01,8.83991e+03,4.96298e-01,8.58530e-01,5.84747e-02,-9.95338e-01,1.00000e+00
4.09619e+01,8.91272e+03,4.96845e-01,8.59445e-01,5.84683e-02,-9.83805e-01,1.00000e+00
4.11022e+01,8.98611e+03,4.98520e-01,8.60524e-01,5.84497e-02,-9.62850e-01,1.00000e+00
4.12425e+01,9.06008e+03,5.00696e-01,8.61738e-01,5.84217e-02,-9.58086e-01,1.00000e+00
4.13828e+01,9.13462e+03,5.02571e-01,8.63049e-01,5.83975e-02,-9.73450e-01,1.00000e+00
4.15230e+01,9.20975e+03,5.03465e-01,8.64414e-01,5.83836e-02,-9.86950e-01,1.00000e+00
4.16633e+01,9.28548e+03,5.03067e-01,8.65788e-01,5.83722e-02,-9.80618e-01,1.00000e+00
4.18036e+01,9.36181e+03,5.01545e-01,8.67134e-01,5.83526e-02,-9.64244e-01,1.00000e+00
4.19439e+01,9.43874e+03,4.99484e-01,8.68416e-01,5.83262e-02,-9.61467e-01,1.00000e+00
4.20842e+01,9.51627e+03,4.97660e-01,8.69600e-01,5.83047e-02,-9.77686e-01,1.00000e+00
4.22244e+01,9.59442e+03,4.96749e-01,8.70650e-01,5.82950e-02,-9.93152e-01,1.00000e+00
4.23647e+01,9.67320e+03,4.97075e-01,8.71537e-01,5.82900e-02,-9.90090e-01,1.00000e+00
4.25050e+01,9.75261e+03,4.98492e-01,8.72239e-01,5.82784e-02,-9.76320e-01,1.00000e+00
4.26453e+01,9.83266e+03,5.00443e-01,8.72743e-01,5.82601e-02,-9.73480e-01,1.00000e+00
4.27856e+01,9.91334e+03,5.02182e-01,8.73041e-01,5.82458e-02,-9.87039e-01,1.00000e+00
4.29259e+01,9.99466e+03,5.03057e-01,8.73125e-01,5.82418e-02,-9.99393e-01,1.00000e+00
4.30661e+01,1.00767e+04,5.02759e-01,8.72996e-01,5.82407e-02,-9.94633e-01,1.00000e+00
4.32064e+01,1.01593e+04,5.01430e-01,8.72664e-01,5.82314e-02,-9.79994e-01,1.00000e+00
4.33467e+01,1.02426e+04,4.99596e-01,8.72146e-01,5.82136e-02,-9.75042e-01,1.00000e+00
4.34870e+01,1.03266e+04,4.97960e-01,8.71464e-01,5.81981e-02,-9.84868e-01,1.00000e+00
4.36273e+01,1.04112e+04,4.97131e-01,8.70638e-01,5.81912e-02,-9.94205e-01,1.00000e+00
4.37675e+01,1.04966e+04,4.97395e-01,8.69695e-01,5.81865e-02,-9.89239e-01,1.00000e+00
4.39078e+01,1.05826e+04,4.98623e-01,8.68666e-01,5.81740e-02,-9.76197e-01,1.00000e+00
4.40481e+01,1.06693e+04,5.00330e-01,8.67585e-01,5.81538e-02,-9.72059e-01,1.00000e+00
4.41884e+01,1.07567e+04,5.01869e-01,8.66487e-01,5.81362e-02,-9.81544e-01,1.00000e+00
4.43287e+01,1.08448e+04,5.02679e-01,8.65401e-01,5.81273e-02,-9.91656e-01,1.00000e+00
4.44689e+01,1.09335e+04,5.02482e-01,8.64358e-01,5.81220e-02,-9.89863e-01,1.00000e+00
4.46092e+01,1.10230e+04,5.01381e-01,8.63387e-01,5.81113e-02,-9.80461e-01,1.00000e+00
4.47495e+01,1.11133e+04,4.99804e-01,8.62517e-01,5.80951e-02,-9.77816e-01,1.00000e+00
4.48898e+01,1.12042e+04,4.98339e-01,8.61771e-01,5.80815e-02,-9.86883e-01,1.00000e+00
4.50301e+01,1.12958e+04,4.97515e-01,8.61166e-01,5.80761e-02,-9.97113e-01,1.00000e+00
4.51703e+01,1.13882e+04,4.97615e-01,8.60714e-01,5.80747e-02,-9.96863e-01,1.00000e+00
4.53106e+01,1.14814e+04,4.98577e-01,8.60426e-01,5.80695e-02,-9.88426e-01,1.00000e+00
4.54509e+01,1.15753e+04,5.00031e-01,8.60306e-01,5.80591e-02,-9.84204e-01,1.00000e+00
4.55912e+01,1.16700e+04,5.01439e-01,8.60357e-01,5.80496e-02,-9.90065e-01,1.00000e+00
4.57315e+01,1.17654e+04,5.02291e-01,8.60569e-01,5.80457e-02,-9.98042e-01,1.00000e+00
4.58717e+01,1.18616e+04,5.02293e-01,8.60933e-01,5.80447e-02,-9.97369e-01,1.00000e+00
4.60120e+01,1.19585e+04,5.01461e-01,8.61434e-01,5.80401e-02,-9.88700e-01,1.00000e+00
4.61523e+01,1.20563e+04,5.00117e-01,8.62056e-01,5.80299e-02,-9.82880e-01,1.00000e+00
4.62926e+01,1.21548e+04,4.98761e-01,8.62779e-01,5.80190e-02,-9.86517e-01,1.00000e+00
4.64329e+01,1.22541e+04,4.97888e-01,8.63579e-01,5.80122e-02,-9.93636e-01,1.00000e+00
4.65731e+01,1.23543e+04,4.97809e-01,8.64429e-01,5.80081e-02,-9.94126e-01,1.00000e+00
4.67134e+01,1.24552e+04,4.98536e-01,8.65303e-01,5.80017e-02,-9.87302e-01,1.00000e+00
4.68537e+01,1.25570e+04,4.99786e-01,8.66178e-01,5.79909e-02,-9.82513e-01,1.00000e+00
4.69940e+01,1.26595e+04,5.01087e-01,8.67027e-01,5.79798e-02,-9.86412e-01,1.00000e+00
4.71343e+01,1.27629e+04,5.01957e-01,8.67828e-01,5.79731e-02,-9.94189e-01,1.00000e+00
4.72745e+01,1.28671e+04,5.02081e-01,8.68556e-01,5.79701e-02,-9.96326e-01,1.00000e+00
4.74148e+01,1.29722e+04,5.01428e-01,8.69191e-01,5.79660e-02,-9.91382e-01,1.00000e+00
4.75551e+01,1.30781e+04,5.00258e-01,8.69719e-01,5.79584e-02,-9.87493e-01,1.00000e+00
4.76954e+01,1.31848e+04,4.99019e-01,8.70127e-01,5.79506e-02,-9.90988e-01,1.00000e+00
4.78357e+01,1.32924e+04,4.98176e-01,8.70405e-01,5.79469e-02,-9.97878e-01,1.00000e+00
4.79760e+01,1.34009e+04,4.98034e-01,8.70549e-01,5.79464e-02,-9.99559e-01,1.00000e+00
4.81162e+01,1.35103e+04,4.98631e-01,8.70555e-01,5.79446e-02,-9.94515e-01,1.00000e+00
4.82565e+01,1.36206e+04,4.99725e-01,8.70428e-01,5.79387e-02,-9.90007e-01,1.00000e+00
4.83968e+01,1.37317e+04,5.00896e-01,8.70177e-01,5.79318e-02,-9.91945e-01,1.00000e+00
4.85371e+01,1.38438e+04,5.01703e-01,8.69811e-01,5.79279e-02,-9.97094e-01,1.00000e+00
4.86774e+01,1.39567e+04,5.01855e-01,8.69342e-01,5.79266e-02,-9.97928e-01,1.00000e+00
4.88176e+01,1.40706e+04,5.01312e-01,8.68786e-01,5.79236e-02,-9.92993e-01,1.00000e+00
4.89579e+01,1.41854e+04,5.00296e-01,8.68164e-01,5.79167e-02,-9.88611e-01,1.00000e+00
4.90982e+01,1.43011e+04,4.99196e-01,8.67494e-01,5.79086e-02,-9.90141e-01,1.00000e+00
4.92385e+01,1.44177e+04,4.98421e-01,8.66798e-01,5.79033e-02,-9.94989e-01,1.00000e+00
4.93788e+01,1.45353e+04,4.98250e-01,8.66096e-01,5.79008e-02,-9.96525e-01,1.00000e+00
4.95190e+01,1.46539e+04,4.98728e-01,8.65408e-01,5.78974e-02,-9.93079e-01,1.00000e+00
4.96593e+01,1.47734e+04,4.99662e-01,8.64754e-01,5.78910e-02,-9.89856e-01,1.00000e+00
4.97996e+01,1.48938e+04,5.00696e-01,8.64153e-01,5.78840e-02,-9.91674e-01,1.00000e+00
4.99399e+01,1.50152e+04,5.01449e-01,8.63622e-01,5.78798e-02,-9.96607e-01,1.00000e+00
5.00802e+01,1.51376e+04,5.01653e-01,8.63173e-01,5.78785e-02,-9.98807e-01,1.00000e+00
5.02204e+01,1.52611e+04,5.01248e-01,8.62816e-01,5.78769e-02,-9.96293e-01,1.00000e+00
5.03607e+01,1.53855e+04,5.00397e-01,8.62561e-01,5.78730e-02,-9.93271e-01,1.00000e+00
5.05010e+01,1.55109e+04,4.99422e-01,8.62412e-01,5.78683e-02,-9.94261e-01,1.00000e+00
5.06413e+01,1.56373e+04,4.98682e-01,8.62373e-01,5.78656e-02,-9.98145e-01,1.00000e+00
5.07816e+01,1.57647e+04,4.98440e-01,8.62440e-01,5.78652e-02,-9.99887e-01,1.00000e+00
5.09218e+01,1.58932e+04,4.98772e-01,8.62608e-01,5.78644e-02,-9.97301e-01,1.00000e+00
5.10621e+01,1.60228e+04,4.99545e-01,8.62871e-01,5.78612e-02,-9.93804e-01,1.00000e+00
5.12024e+01,1.61533e+04,5.00467e-01,8.63220e-01,5.78567e-02,-9.93731e-01,1.00000e+00
5.13427e+01,1.62850e+04,5.01196e-01,8.63641e-01,5.78533e-02,-9.96673e-01,1.00000e+00
5.14830e+01,1.64177e+04,5.01470e-01,8.64122e-01,5.78517e-02,-9.98274e-01,1.00000e+00
5.16232e+01,1.65514e+04,5.01199e-01,8.64645e-01,5.78499e-02,-9.96178e-01,1.00000e+00
5.17635e+01,1.66863e+04,5.00493e-01,8.65196e-01,5.78461e-02,-9.93098e-01,1.00000e+00
5.19038e+01,1.68223e+04,4.99622e-01,8.65758e-01,5.78411e-02,-9.93058e-01,1.00000e+00
5.20441e+01,1.69593e+04,4.98911e-01,8.66315e-01,5.78372e-02,-9.96044e-01,1.00000e+00
5.21844e+01,1.70975e+04,4.98618e-01,8.66849e-01,5.78353e-02,-9.98182e-01,1.00000e+00
5.23246e+01,1.72367e+04,4.98843e-01,8.67346e-01,5.78338e-02,-9.97015e-01,1.00000e+00
5.24649e+01,1.73771e+04,4.99491e-01,8.67793e-01,5.78308e-02,-9.94677e-01,1.00000e+00
5.26052e+01,1.75187e+04,5.00314e-01,8.68177e-01,5.78270e-02,-9.94822e-01,1.00000e+00
5.27455e+01,1.76614e+04,5.01000e-01,8.68490e-01,5.78243e-02,-9.97647e-01,1.00000e+00
5.28858e+01,1.78052e+04,5.01299e-01,8.68723e-01,5.78236e-02,-9.99733e-01,1.00000e+00
5.30261e+01,1.79502e+04,5.01107e-01,8.68872e-01,5.78232e-02,-9.98721e-01,1.00000e+00
5.31663e+01,1.80964e+04,5.00509e-01,8.68933e-01,5.78215e-02,-9.96386e-01,1.00000e+00
5.33066e+01,1.82438e+04,4.99735e-01,8.68909e-01,5.78186e-02,-9.96062e-01,1.00000e+00
5.34469e+01,1.83924e+04,4.99079e-01,8.68801e-01,5.78165e-02,-9.98122e-01,1.00000e+00
5.35872e+01,1.85421e+04,4.98781e-01,8.68615e-01,5.78158e-02,-9.99632e-01,1.00000e+00
5.37275e+01,1.86931e+04,4.98944e-01,8.68357e-01,5.78153e-02,-9.98447e-01,1.00000e+00
5.38677e+01,1.88454e+04,4.99494e-01,8.68037e-01,5.78133e-02,-9.96061e-01,1.00000e+00
5.40080e+01,1.89988e+04,5.00219e-01,8.67666e-01,5.78101e-02,-9.95471e-01,1.00000e+00
5.41483e+01,1.91535e+04,5.00845e-01,8.67257e-01,5.78074e-02,-9.97160e-01,1.00000e+00
5.42886e+01,1.93095e+04,5.01142e-01,8.66821e-01,5.78060e-02,-9.98618e-01,1.00000e+00
5.44289e+01,1.94667e+04,5.01010e-01,8.66373e-01,5.78050e-02,-9.97848e-01,1.00000e+00
5.45691e+01,1.96252e+04,5.00509e-01,8.65924e-01,5.78028e-02,-9.95991e-01,1.00000e+00
5.47094e+01,1.97850e+04,4.99832e-01,8.65490e-01,5.77996e-02,-9.95662e-01,1.00000e+00
5.48497e+01,1.99460e+04,4.99234e-01,8.65082e-01,5.77971e-02,-9.97412e-01,1.00000e+00
5.49900e+01,2.01084e+04,4.98933e-01,8.64711e-01,5.77959e-02,-9.99097e-01,1.00000e+00
5.51303e+01,2.02721e+04,4.99031e-01,8.64387e-01,5.77953e-02,-9.98810e-01,1.00000e+00
5.52705e+01,2.04371e+04,4.99482e-01,8.64118e-01,5.77940e-02,-9.97347e-01,1.00000e+00
5.54108e+01,2.06035e+04,5.00112e-01,8.63911e-01,5.77918e-02,-9.96994e-01,1.00000e+00
5.55511e+01,2.07712e+04,5.00685e-01,8.63771e-01,5.77901e-02,-9.98424e-01,1.00000e+00
5.56914e+01,2.09403e+04,5.00994e-01,8.63699e-01,5.77896e-02,-9.99876e-01,1.00000e+00
5.58317e+01,2.11107e+04,5.00932e-01,8.63696e-01,5.77895e-02,-9.99570e-01,1.00000e+00
5.59719e+01,2.12825e+04,5.00529e-01,8.63761e-01,5.77887e-02,-9.98039e-01,1.00000e+00
5.61122e+01,2.14558e+04,4.99943e-01,8.63890e-01,5.77870e-02,-9.97323e-01,1.00000e+00
5.62525e+01,2.16304e+04,4.99391e-01,8.64078e-01,5.77854e-02,-9.98238e-01,1.00000e+00
5.63928e+01,2.18064e+04,4.99076e-01,8.64318e-01,5.77846e-02,-9.99376e-01,1.00000e+00
5.65331e+01,2.19839e+04,4.99107e-01,8.64601e-01,5.77842e-02,-9.99083e-01,1.00000e+00
5.66733e+01,2.21629e+04,4.99465e-01,8.64919e-01,5.77830e-02,-9.97667e-01,1.00000e+00
5.68136e+01,2.23432e+04,5.00012e-01,8.65262e-01,5.77811e-02,-9.96930e-01,1.00000e+00
5.69539e+01,2.25251e+04,5.00542e-01,8.65618e-01,5.77792e-02,-9.97744e-01,1.00000e+00
5.70942e+01,2.27084e+04,5.00859e-01,8.65978e-01,5.77780e-02,-9.98950e-01,1.00000e+00
5.72345e+01,2.28932e+04,5.00852e-01,8.66330e-01,5.77774e-02,-9.98984e-01,1.00000e+00
5.73747e+01,2.30795e+04,5.00531e-01,8.66665e-01,5.77763e-02,-9.97960e-01,1.00000e+00
5.75150e+01,2.32673e+04,5.00021e-01,8.66973e-01,5.77747e-02,-9.97438e-01,1.00000e+00
5.76553e+01,2.34566e+04,4.99515e-01,8.67247e-01,5.77731e-02,-9.98277e-01,1.00000e+00
5.77956e+01,2.36475e+04,4.99200e-01,8.67478e-01,5.77724e-02,-9.99508e-01,1.00000e+00
5.79359e+01,2.38399e+04,4.99190e-01,8.67661e-01,5.77722e-02,-9.99680e-01,1.00000e+00
5.80762e+01,2.40339e+04,4.99480e-01,8.67792e-01,5.77717e-02,-9.98796e-01,1.00000e+00
5.82164e+01,2.42295e+04,4.99956e-01,8.67869e-01,5.77706e-02,-9.98225e-01,1.00000e+00
5.83567e+01,2.44266e+04,5.00437e-01,8.67889e-01,5.77695e-02,-9.98809e-01,1.00000e+00
5.84970e+01,2.46254e+04,5.00744e-01,8.67856e-01,5.77690e-02,-9.99767e-01,1.00000e+00
5.86373e+01,2.48258e+04,5.00768e-01,8.67769e-01,5.77689e-02,-9.99806e-01,1.00000e+00
5.87776e+01,2.50278e+04,5.00507e-01,8.67634e-01,5.77685e-02,-9.98874e-01,1.00000e+00
5.89178e+01,2.52314e+04,5.00064e-01,8.67454e-01,5.77674e-02,-9.98181e-01,1.00000e+00
5.90581e+01,2.54367e+04,4.99608e-01,8.67238e-01,5.77661e-02,-9.98541e-01,1.00000e+00
5.91984e+01,2.56437e+04,4.99309e-01,8.66992e-01,5.77654e-02,-9.99332e-01,1.00000e+00
5.93387e+01,2.58523e+04,4.99272e-01,8.66723e-01,5.77650e-02,-9.99405e-01,1.00000e+00
5.94790e+01,2.60627e+04,4.99505e-01,8.66440e-01,5.77644e-02,-9.98643e-01,1.00000e+00
5.96192e+01,2.62747e+04,4.99915e-01,8.66152e-01,5.77632e-02,-9.98075e-01,1.00000e+00
5.97595e+01,2.64885e+04,5.00346e-01,8.65867e-01,5.77619e-02,-9.98460e-01,1.00000e+00
5.98998e+01,2.67040e+04,5.00640e-01,8.65594e-01,5.77611e-02,-9.99300e-01,1.00000e+00
6.00401e+01,2.69212e+04,5.00690e-01,8.65340e-01,5.77607e-02,-9.99554e-01,1.00000e+00
6.01804e+01,2.71402e+04,5.00485e-01,8.65111e-01,5.77603e-02,-9.99032e-01,1.00000e+00
6.03206e+01,2.73610e+04,5.00107e-01,8.64915e-01,5.77594e-02,-9.98589e-01,1.00000e+00
6.04609e+01,2.75836e+04,4.99699e-01,8.64756e-01,5.77585e-02,-9.98935e-01,1.00000e+00
6.06012e+01,2.78080e+04,4.99411e-01,8.64637e-01,5.77580e-02,-9.99699e-01,1.00000e+00
6.07415e+01,2.80343e+04,4.99347e-01,8.64562e-01,5.77579e-02,-9.99955e-01,1.00000e+00
6.08818e+01,2.82623e+04,4.99524e-01,8.64531e-01,5.77577e-02,-9.99465e-01,1.00000e+00
6.10220e+01,2.84922e+04,4.99871e-01,8.64544e-01,5.77572e-02,-9.98949e-01,1.00000e+00
6.11623e+01,2.87240e+04,5.00258e-01,8.64599e-01,5.77564e-02,-9.99097e-01,1.00000e+00
6.13026e+01,2.89577e+04,5.00540e-01,8.64695e-01,5.77560e-02,-9.99662e-01,1.00000e+00
6.14429e+01,2.91933e+04,5.00618e-01,8.64827e-01,5.77559e-02,-9.99839e-01,1.00000e+00
6.15832e+01,2.94308e+04,5.00466e-01,8.64991e-01,5.77556e-02,-9.99355e-01,1.00000e+00
6.17234e+01,2.96702e+04,5.00147e-01,8.65181e-01,5.77550e-02,-9.98819e-01,1.00000e+00
6.18637e+01,2.99115e+04,4.99781e-01,8.65390e-01,5.77541e-02,-9.98883e-01,1.00000e+00
6.20040e+01,3.01548e+04,4.99504e-01,8.65614e-01,5.77535e-02,-9.99395e-01,1.00000e+00
6.21443e+01,3.04001e+04,4.99417e-01,8.65843e-01,5.77532e-02,-9.99636e-01,1.00000e+00
6.22846e+01,3.06474e+04,4.99546e-01,8.66073e-01,5.77529e-02,-9.99303e-01,1.00000e+00
6.24248e+01,3.08967e+04,4.99840e-01,8.66295e-01,5.77522e-02,-9.98892e-01,1.00000e+00
6.25651e+01,3.11481e+04,5.00186e-01,8.66505e-01,5.77514e-02,-9.99000e-01,1.00000e+00
6.27054e+01,3.14014e+04,5.00455e-01,8.66695e-01,5.77509e-02,-9.99530e-01,1.00000e+00
6.28457e+01,3.16569e+04,5.00550e-01,8.66862e-01,5.77507e-02,-9.99842e-01,1.00000e+00
6.29860e+01,3.19144e+04,5.00439e-01,8.67000e-01,5.77506e-02,-9.99617e-01,1.00000e+00
6.31263e+01,3.21740e+04,5.00168e-01,8.67106e-01,5.77502e-02,-9.99259e-01,1.00000e+00
6.32665e+01,3.24357e+04,4.99842e-01,8.67178e-01,5.77496e-02,-9.99320e-01,1.00000e+00
6.34068e+01,3.26995e+04,4.99582e-01,8.67215e-01,5.77493e-02,-9.99752e-01,1.00000e+00
6.35471e+01,3.29655e+04,4.99483e-01,8.67216e-01,5.77492e-02,-9.99998e-01,1.00000e+00
6.36874e+01,3.32336e+04,4.99578e-01,8.67183e-01,5.77492e-02,-9.99754e-01,1.00000e+00
6.38277e+01,3.35039e+04,4.99827e-01,8.67117e-01,5.77489e-02,-9.99359e-01,1.00000e+00
6.39679e+01,3.37765e+04,5.00134e-01,8.67020e-01,5.77484e-02,-9.99321e-01,1.00000e+00
6.41082e+01,3.40512e+04,5.00384e-01,8.66897e-01,5.77480e-02,-9.99639e-01,1.00000e+00
6.42485e+01,3.43281e+04,5.00486e-01,8.66751e-01,5.77478e-02,-9.99836e-01,1.00000e+00
6.43888e+01,3.46074e+04,5.00406e-01,8.66588e-01,5.77477e-02,-9.99620e-01,1.00000e+00
6.45291e+01,3.48889e+04,5.00178e-01,8.66412e-01,5.77473e-02,-9.99266e-01,1.00000e+00
6.46693e+01,3.51726e+04,4.99890e-01,8.66230e-01,5.77467e-02,-9.99232e-01,1.00000e+00
6.48096e+01,3.54587e+04,4.99649e-01,8.66045e-01,5.77463e-02,-9.99543e-01,1.00000e+00
6.49499e+01,3.57471e+04,4.99544e-01,8.65865e-01,5.77460e-02,-9.99785e-01,1.00000e+00
6.50902e+01,3.60379e+04,4.99609e-01,8.65693e-01,5.77459e-02,-9.99670e-01,1.00000e+00
6.52305e+01,3.63310e+04,4.99817e-01,8.65535e-01,5.77455e-02,-9.99408e-01,1.00000e+00
6.53707e+01,3.66265e+04,5.00087e-01,8.65396e-01,5.77451e-02,-9.99402e-01,1.00000e+00
6.55110e+01,3.69244e+04,5.00318e-01,8.65278e-01,5.77448e-02,-9.99701e-01,1.00000e+00
6.56513e+01,3.72247e+04,5.00427e-01,8.65184e-01,5.77447e-02,-9.99950e-01,1.00000e+00
6.57916e+01,3.75275e+04,5.00376e-01,8.65117e-01,5.77446e-02,-9.99870e-01,1.00000e+00
6.59319e+01,3.78327e+04,5.00188e-01,8.65079e-01,5.77444e-02,-9.99620e-01,1.00000e+00
6.60721e+01,3.81404e+04,4.99935e-01,8.65068e-01,5.77441e-02,-9.99564e-01,1.00000e+00
6.62124e+01,3.84506e+04,4.99713e-01,8.65086e-01,5.77439e-02,-9.99778e-01,1.00000e+00
6.63527e+01,3.87633e+04,4.99601e-01,8.65130e-01,5.77438e-02,-9.99967e-01,1.00000e+00
6.64930e+01,3.90786e+04,4.99639e-01,8.65200e-01,5.77438e-02,-9.99871e-01,1.00000e+00
6.66333e+01,3.93964e+04,4.99808e-01,8.65292e-01,5.77436e-02,-9.99610e-01,1.00000e+00
6.67735e+01,3.97168e+04,5.00045e-01,8.65402e-01,5.77433e-02,-9.99512e-01,1.00000e+00
6.69138e+01,4.00399e+04,5.00259e-01,8.65529e-01,5.77430e-02,-9.99674e-01,1.00000e+00
6.70541e+01,4.03655e+04,5.00373e-01,8.65667e-01,5.77428e-02,-9.99849e-01,1.00000e+00
6.71944e+01,4.06938e+04,5.00346e-01,8.65811e-01,5.77427e-02,-9.99791e-01,1.00000e+00
6.73347e+01,4.10248e+04,5.00193e-01,8.65959e-01,5.77425e-02,-9.99582e-01,1.00000e+00
6.74749e+01,4.13584e+04,4.99972e-01,8.66105e-01,5.77422e-02,-9.99510e-01,1.00000e+00
6.76152e+01,4.16948e+04,4.99767e-01,8.66245e-01,5.77419e-02,-9.99678e-01,1.00000e+00
6.77555e+01,4.20339e+04,4.99652e-01,8.66376e-01,5.77417e-02,-9.99877e-01,1.00000e+00
6.78958e+01,4.23758e+04,4.99669e-01,8.66493e-01,5.77416e-02,-9.99872e-01,1.00000e+00
6.80361e+01,4.27204e+04,4.99807e-01,8.66593e-01,5.77415e-02,-9.99714e-01,1.00000e+00
6.81764e+01,4.30678e+04,5.00014e-01,8.66675e-01,5.77413e-02,-9.99653e-01,1.00000e+00
6.83166e+01,4.34181e+04,5.00210e-01,8.66736e-01,5.77411e-02,-9.99798e-01,1.00000e+00
6.84569e+01,4.37712e+04,5.00324e-01,8.66774e-01,5.77410e-02,-9.99974e-01,1.00000e+00
6.85972e+01,4.41272e+04,5.00316e-01,8.66790e-01,5.77410e-02,-9.99965e-01,1.00000e+00
6.87375e+01,4.44861e+04,5.00191e-01,8.66784e-01,5.77409e-02,-9.99803e-01,1.00000e+00
6.88778e+01,4.48479e+04,4.99998e-01,8.66755e-01,5.77407e-02,-9.99712e-01,1.00000e+00
6.90180e+01,4.52126e+04,4.99811e-01,8.66706e-01,5.77405e-02,-9.99804e-01,1.00000e+00
6.91583e+01,4.55803e+04,4.99698e-01,8.66638e-01,5.77405e-02,-9.99937e-01,1.00000e+00
6.92986e+01,4.59510e+04,4.99700e-01,8.66554e-01,5.77404e-02,-9.99918e-01,1.00000e+00
6.94389e+01,4.63247e+04,4.99812e-01,8.66457e-01,5.77403e-02,-9.99764e-01,1.00000e+00
6.95792e+01,4.67015e+04,4.99991e-01,8.66349e-01,5.77401e-02,-9.99670e-01,1.00000e+00
6.97194e+01,4.70813e+04,5.00169e-01,8.66234e-01,5.77399e-02,-9.99747e-01,1.00000e+00
6.98597e+01,4.74642e+04,5.00280e-01,8.66117e-01,5.77398e-02,-9.99879e-01,1.00000e+00
7.00000e+01,4.78502e+04,5.00286e-01,8.65999e-01,5.77397e-02,-9.99890e-01,1.00000e+00
