s,delta_d,tau1,tau2,t1,t2,min_mass_gap,theoretical_bound,eft_cutoff
0.0000,0.000000,0.000000,1.000000,0.000000,1.000000,1.00000000,1.00000000,10.00000000
0.0100,0.014142,0.000000,1.010050,0.000000,1.010050,0.99004983,0.99004983,9.90049834
0.0200,0.028284,0.000000,1.020201,0.000000,1.020201,0.98019867,0.98019867,9.80198673
0.0300,0.042426,0.000000,1.030455,0.000000,1.030455,0.97044553,0.97044553,9.70445534
0.0400,0.056569,0.000000,1.040811,0.000000,1.040811,0.96078944,0.96078944,9.60789439
0.0500,0.070711,0.000000,1.051271,0.000000,1.051271,0.95122942,0.95122942,9.51229425
0.0600,0.084853,0.000000,1.061837,0.000000,1.061837,0.94176453,0.94176453,9.41764534
0.0700,0.098995,0.000000,1.072508,0.000000,1.072508,0.93239382,0.93239382,9.32393820
0.0800,0.113137,0.000000,1.083287,0.000000,1.083287,0.92311635,0.92311635,9.23116346
0.0900,0.127279,0.000000,1.094174,0.000000,1.094174,0.91393119,0.91393119,9.13931185
0.1000,0.141421,0.000000,1.105171,0.000000,1.105171,0.90483742,0.90483742,9.04837418
0.1100,0.155563,0.000000,1.116278,0.000000,1.116278,0.89583414,0.89583414,8.95834135
0.1200,0.169706,0.000000,1.127497,0.000000,1.127497,0.88692044,0.88692044,8.86920437
0.1300,0.183848,0.000000,1.138828,0.000000,1.138828,0.87809543,0.87809543,8.78095431
0.1400,0.197990,0.000000,1.150274,0.000000,1.150274,0.86935824,0.86935824,8.69358235
0.1500,0.212132,0.000000,1.161834,0.000000,1.161834,0.86070798,0.86070798,8.60707976
0.1600,0.226274,0.000000,1.173511,0.000000,1.173511,0.85214379,0.85214379,8.52143789
0.1700,0.240416,0.000000,1.185305,0.000000,1.185305,0.84366482,0.84366482,8.43664817
0.1800,0.254558,0.000000,1.197217,0.000000,1.197217,0.83527021,0.83527021,8.35270211
0.1900,0.268701,0.000000,1.209250,0.000000,1.209250,0.82695913,0.82695913,8.26959134
0.2000,0.282843,0.000000,1.221403,0.000000,1.221403,0.81873075,0.81873075,8.18730753
0.2100,0.296985,0.000000,1.233678,0.000000,1.233678,0.81058425,0.81058425,8.10584246
0.2200,0.311127,0.000000,1.246077,0.000000,1.246077,0.80251880,0.80251880,8.02518798
0.2300,0.325269,0.000000,1.258600,0.000000,1.258600,0.79453360,0.79453360,7.94533603
0.2400,0.339411,0.000000,1.271249,0.000000,1.271249,0.78662786,0.78662786,7.86627861
0.2500,0.353553,0.000000,1.284025,0.000000,1.284025,0.77880078,0.77880078,7.78800783
0.2600,0.367696,0.000000,1.296930,0.000000,1.296930,0.77105159,0.77105159,7.71051586
0.2700,0.381838,0.000000,1.309964,0.000000,1.309964,0.76337949,0.76337949,7.63379494
0.2800,0.395980,0.000000,1.323130,0.000000,1.323130,0.75578374,0.75578374,7.55783741
0.2900,0.410122,0.000000,1.336427,0.000000,1.336427,0.74826357,0.74826357,7.48263568
0.3000,0.424264,0.000000,1.349859,0.000000,1.349859,0.74081822,0.74081822,7.40818221
0.3100,0.438406,0.000000,1.363425,0.000000,1.363425,0.73344696,0.73344696,7.33446956
0.3200,0.452548,0.000000,1.377128,0.000000,1.377128,0.72614904,0.72614904,7.26149037
0.3300,0.466690,0.000000,1.390968,0.000000,1.390968,0.71892373,0.71892373,7.18923733
0.3400,0.480833,0.000000,1.404948,0.000000,1.404948,0.71177032,0.71177032,7.11770323
0.3500,0.494975,0.000000,1.419068,0.000000,1.419068,0.70468809,0.70468809,7.04688090
0.3600,0.509117,0.000000,1.433329,0.000000,1.433329,0.69767633,0.69767633,6.97676326
0.3700,0.523259,0.000000,1.447735,0.000000,1.447735,0.69073433,0.69073433,6.90734331
0.3800,0.537401,0.000000,1.462285,0.000000,1.462285,0.68386141,0.68386141,6.83861409
0.3900,0.551543,0.000000,1.476981,0.000000,1.476981,0.67705687,0.67705687,6.77056874
0.4000,0.565685,0.000000,1.491825,0.000000,1.491825,0.67032005,0.67032005,6.70320046
0.4100,0.579828,0.000000,1.506818,0.000000,1.506818,0.66365025,0.66365025,6.63650250
0.4200,0.593970,0.000000,1.521962,0.000000,1.521962,0.65704682,0.65704682,6.57046820
0.4300,0.608112,0.000000,1.537258,0.000000,1.537258,0.65050909,0.65050909,6.50509095
0.4400,0.622254,0.000000,1.552707,0.000000,1.552707,0.64403642,0.64403642,6.44036421
0.4500,0.636396,0.000000,1.568312,0.000000,1.568312,0.63762815,0.63762815,6.37628152
0.4600,0.650538,0.000000,1.584074,0.000000,1.584074,0.63128365,0.63128365,6.31283646
0.4700,0.664680,0.000000,1.599994,0.000000,1.599994,0.62500227,0.62500227,6.25002268
0.4800,0.678823,0.000000,1.616074,0.000000,1.616074,0.61878339,0.61878339,6.18783392
0.4900,0.692965,0.000000,1.632316,0.000000,1.632316,0.61262639,0.61262639,6.12626394
0.5000,0.707107,0.000000,1.648721,0.000000,1.648721,0.60653066,0.60653066,6.06530660
0.5100,0.721249,0.000000,1.665291,0.000000,1.665291,0.60049558,0.60049558,6.00495579
0.5200,0.735391,0.000000,1.682028,0.000000,1.682028,0.59452055,0.59452055,5.94520548
0.5300,0.749533,0.000000,1.698932,0.000000,1.698932,0.58860497,0.58860497,5.88604970
0.5400,0.763675,0.000000,1.716007,0.000000,1.716007,0.58274825,0.58274825,5.82748252
0.5500,0.777817,0.000000,1.733253,0.000000,1.733253,0.57694981,0.57694981,5.76949810
0.5600,0.791960,0.000000,1.750673,0.000000,1.750673,0.57120906,0.57120906,5.71209064
0.5700,0.806102,0.000000,1.768267,0.000000,1.768267,0.56552544,0.56552544,5.65525439
0.5800,0.820244,0.000000,1.786038,0.000000,1.786038,0.55989837,0.55989837,5.59898367
0.5900,0.834386,0.000000,1.803988,0.000000,1.803988,0.55432728,0.55432728,5.54327285
0.6000,0.848528,0.000000,1.822119,0.000000,1.822119,0.54881164,0.54881164,5.48811636
0.6100,0.862670,0.000000,1.840431,0.000000,1.840431,0.54335087,0.54335087,5.43350869
0.6200,0.876812,0.000000,1.858928,0.000000,1.858928,0.53794444,0.53794444,5.37944438
0.6300,0.890955,0.000000,1.877611,0.000000,1.877611,0.53259180,0.53259180,5.32591801
0.6400,0.905097,0.000000,1.896481,0.000000,1.896481,0.52729242,0.52729242,5.27292424
0.6500,0.919239,0.000000,1.915541,0.000000,1.915541,0.52204578,0.52204578,5.22045777
0.6600,0.933381,0.000000,1.934792,0.000000,1.934792,0.51685133,0.51685133,5.16851334
0.6700,0.947523,0.000000,1.954237,0.000000,1.954237,0.51170858,0.51170858,5.11708578
0.6800,0.961665,0.000000,1.973878,0.000000,1.973878,0.50661699,0.50661699,5.06616992
0.6900,0.975807,0.000000,1.993716,0.000000,1.993716,0.50157607,0.50157607,5.01576069
0.7000,0.989949,0.000000,2.013753,0.000000,2.013753,0.49658530,0.49658530,4.96585304
0.7100,1.004092,0.000000,2.033991,0.000000,2.033991,0.49164420,0.49164420,4.91644197
0.7200,1.018234,0.000000,2.054433,0.000000,2.054433,0.48675226,0.48675226,4.86752256
0.7300,1.032376,0.000000,2.075081,0.000000,2.075081,0.48190899,0.48190899,4.81908990
0.7400,1.046518,0.000000,2.095936,0.000000,2.095936,0.47711392,0.47711392,4.77113916
0.7500,1.060660,0.000000,2.117000,0.000000,2.117000,0.47236655,0.47236655,4.72366553
0.7600,1.074802,0.000000,2.138276,0.000000,2.138276,0.46766643,0.46766643,4.67666427
0.7700,1.088944,0.000000,2.159766,0.000000,2.159766,0.46301307,0.46301307,4.63013068
0.7800,1.103087,0.000000,2.181472,0.000000,2.181472,0.45840601,0.45840601,4.58406011
0.7900,1.117229,0.000000,2.203396,0.000000,2.203396,0.45384480,0.45384480,4.53844795
0.8000,1.131371,0.000000,2.225541,0.000000,2.225541,0.44932896,0.44932896,4.49328964
0.8100,1.145513,0.000000,2.247908,0.000000,2.247908,0.44485807,0.44485807,4.44858066
0.8200,1.159655,0.000000,2.270500,0.000000,2.270500,0.44043165,0.44043165,4.40431655
0.8300,1.173797,0.000000,2.293319,0.000000,2.293319,0.43604929,0.43604929,4.36049286
0.8400,1.187939,0.000000,2.316367,0.000000,2.316367,0.43171052,0.43171052,4.31710523
0.8500,1.202082,0.000000,2.339647,0.000000,2.339647,0.42741493,0.42741493,4.27414932
0.8600,1.216224,0.000000,2.363161,0.000000,2.363161,0.42316208,0.42316208,4.23162082
0.8700,1.230366,0.000000,2.386911,0.000000,2.386911,0.41895155,0.41895155,4.18951549
0.8800,1.244508,0.000000,2.410900,0.000000,2.410900,0.41478291,0.41478291,4.14782912
0.8900,1.258650,0.000000,2.435130,0.000000,2.435130,0.41065575,0.41065575,4.10655753
0.9000,1.272792,0.000000,2.459603,0.000000,2.459603,0.40656966,0.40656966,4.06569660
0.9100,1.286934,0.000000,2.484323,0.000000,2.484323,0.40252422,0.40252422,4.02524224
0.9200,1.301076,0.000000,2.509290,0.000000,2.509290,0.39851904,0.39851904,3.98519041
0.9300,1.315219,0.000000,2.534509,0.000000,2.534509,0.39455371,0.39455371,3.94553710
0.9400,1.329361,0.000000,2.559981,0.000000,2.559981,0.39062784,0.39062784,3.90627835
0.9500,1.343503,0.000000,2.585710,0.000000,2.585710,0.38674102,0.38674102,3.86741023
0.9600,1.357645,0.000000,2.611696,0.000000,2.611696,0.38289289,0.38289289,3.82892886
0.9700,1.371787,0.000000,2.637944,0.000000,2.637944,0.37908304,0.37908304,3.79083038
0.9800,1.385929,0.000000,2.664456,0.000000,2.664456,0.37531110,0.37531110,3.75311099
0.9900,1.400071,0.000000,2.691234,0.000000,2.691234,0.37157669,0.37157669,3.71576691
1.0000,1.414214,0.000000,2.718282,0.000000,2.718282,0.36787944,0.36787944,3.67879441
1.0100,1.428356,0.000000,2.745601,0.000000,2.745601,0.36421898,0.36421898,3.64218980
1.0200,1.442498,0.000000,2.773195,0.000000,2.773195,0.36059494,0.36059494,3.60594940
1.0300,1.456640,0.000000,2.801066,0.000000,2.801066,0.35700696,0.35700696,3.57006961
1.0400,1.470782,0.000000,2.829217,0.000000,2.829217,0.35345468,0.35345468,3.53454682
1.0500,1.484924,0.000000,2.857651,0.000000,2.857651,0.34993775,0.34993775,3.49937749
1.0600,1.499066,0.000000,2.886371,0.000000,2.886371,0.34645581,0.34645581,3.46455810
1.0700,1.513209,0.000000,2.915379,0.000000,2.915379,0.34300852,0.34300852,3.43008517
1.0800,1.527351,0.000000,2.944680,0.000000,2.944680,0.33959553,0.33959553,3.39595526
1.0900,1.541493,0.000000,2.974274,0.000000,2.974274,0.33621649,0.33621649,3.36216494
1.1000,1.555635,0.000000,3.004166,0.000000,3.004166,0.33287108,0.33287108,3.32871084
1.1100,1.569777,0.000000,3.034358,0.000000,3.034358,0.32955896,0.32955896,3.29558961
1.1200,1.583919,0.000000,3.064854,0.000000,3.064854,0.32627979,0.32627979,3.26279795
1.1300,1.598061,0.000000,3.095656,0.000000,3.095656,0.32303326,0.32303326,3.23033256
1.1400,1.612203,0.000000,3.126768,0.000000,3.126768,0.31981902,0.31981902,3.19819022
1.1500,1.626346,0.000000,3.158193,0.000000,3.158193,0.31663677,0.31663677,3.16636769
1.1600,1.640488,0.000000,3.189933,0.000000,3.189933,0.31348618,0.31348618,3.13486181
1.1700,1.654630,0.000000,3.221993,0.000000,3.221993,0.31036694,0.31036694,3.10366941
1.1800,1.668772,0.000000,3.254374,0.000000,3.254374,0.30727874,0.30727874,3.07278739
1.1900,1.682914,0.000000,3.287081,0.000000,3.287081,0.30422126,0.30422126,3.04221264
1.2000,1.697056,0.000000,3.320117,0.000000,3.320117,0.30119421,0.30119421,3.01194212
1.2100,1.711198,0.000000,3.353485,0.000000,3.353485,0.29819728,0.29819728,2.98197279
1.2200,1.725341,0.000000,3.387188,0.000000,3.387188,0.29523017,0.29523017,2.95230167
1.2300,1.739483,0.000000,3.421230,0.000000,3.421230,0.29229258,0.29229258,2.92292578
1.2400,1.753625,0.000000,3.455613,0.000000,3.455613,0.28938422,0.28938422,2.89384218
1.2500,1.767767,0.000000,3.490343,0.000000,3.490343,0.28650480,0.28650480,2.86504797
1.2600,1.781909,0.000000,3.525421,0.000000,3.525421,0.28365403,0.28365403,2.83654026
1.2700,1.796051,0.000000,3.560853,0.000000,3.560853,0.28083162,0.28083162,2.80831622
1.2800,1.810193,0.000000,3.596640,0.000000,3.596640,0.27803730,0.27803730,2.78037300
1.2900,1.824335,0.000000,3.632787,0.000000,3.632787,0.27527078,0.27527078,2.75270783
1.3000,1.838478,0.000000,3.669297,0.000000,3.669297,0.27253179,0.27253179,2.72531793
1.3100,1.852620,0.000000,3.706174,0.000000,3.706174,0.26982006,0.26982006,2.69820056
1.3200,1.866762,0.000000,3.743421,0.000000,3.743421,0.26713530,0.26713530,2.67135302
1.3300,1.880904,0.000000,3.781043,0.000000,3.781043,0.26447726,0.26447726,2.64477261
1.3400,1.895046,0.000000,3.819044,0.000000,3.819044,0.26184567,0.26184567,2.61845669
1.3500,1.909188,0.000000,3.857426,0.000000,3.857426,0.25924026,0.25924026,2.59240261
1.3600,1.923330,0.000000,3.896193,0.000000,3.896193,0.25666078,0.25666078,2.56660777
1.3700,1.937473,0.000000,3.935351,0.000000,3.935351,0.25410696,0.25410696,2.54106960
1.3800,1.951615,0.000000,3.974902,0.000000,3.974902,0.25157855,0.25157855,2.51578553
1.3900,1.965757,0.000000,4.014850,0.000000,4.014850,0.24907530,0.24907530,2.49075305
1.4000,1.979899,0.000000,4.055200,0.000000,4.055200,0.24659696,0.24659696,2.46596964
1.4100,1.994041,0.000000,4.095955,0.000000,4.095955,0.24414328,0.24414328,2.44143283
1.4200,2.008183,0.000000,4.137120,0.000000,4.137120,0.24171402,0.24171402,2.41714017
1.4300,2.022325,0.000000,4.178699,0.000000,4.178699,0.23930892,0.23930892,2.39308922
1.4400,2.036468,0.000000,4.220696,0.000000,4.220696,0.23692776,0.23692776,2.36927759
1.4500,2.050610,0.000000,4.263115,0.000000,4.263115,0.23457029,0.23457029,2.34570288
1.4600,2.064752,0.000000,4.305960,0.000000,4.305960,0.23223627,0.23223627,2.32236275
1.4700,2.078894,0.000000,4.349235,0.000000,4.349235,0.22992549,0.22992549,2.29925485
1.4800,2.093036,0.000000,4.392946,0.000000,4.392946,0.22763769,0.22763769,2.27637688
1.4900,2.107178,0.000000,4.437096,0.000000,4.437096,0.22537266,0.22537266,2.25372656
1.5000,2.121320,0.000000,4.481689,0.000000,4.481689,0.22313016,0.22313016,2.23130160
1.5100,2.135462,0.000000,4.526731,0.000000,4.526731,0.22090998,0.22090998,2.20909978
1.5200,2.149605,0.000000,4.572225,0.000000,4.572225,0.21871189,0.21871189,2.18711887
1.5300,2.163747,0.000000,4.618177,0.000000,4.618177,0.21653567,0.21653567,2.16535667
1.5400,2.177889,0.000000,4.664590,0.000000,4.664590,0.21438110,0.21438110,2.14381101
1.5500,2.192031,0.000000,4.711470,0.000000,4.711470,0.21224797,0.21224797,2.12247974
1.5600,2.206173,0.000000,4.758821,0.000000,4.758821,0.21013607,0.21013607,2.10136071
1.5700,2.220315,0.000000,4.806648,0.000000,4.806648,0.20804518,0.20804518,2.08045182
1.5800,2.234457,0.000000,4.854956,0.000000,4.854956,0.20597510,0.20597510,2.05975098
1.5900,2.248600,0.000000,4.903749,0.000000,4.903749,0.20392561,0.20392561,2.03925612
1.6000,2.262742,0.000000,4.953032,0.000000,4.953032,0.20189652,0.20189652,2.01896518
1.6100,2.276884,0.000000,5.002811,0.000000,5.002811,0.19988761,0.19988761,1.99887614
1.6200,2.291026,0.000000,5.053090,0.000000,5.053090,0.19789870,0.19789870,1.97898699
1.6300,2.305168,0.000000,5.103875,0.000000,5.103875,0.19592957,0.19592957,1.95929574
1.6400,2.319310,0.000000,5.155170,0.000000,5.155170,0.19398004,0.19398004,1.93980042
1.6500,2.333452,0.000000,5.206980,0.000000,5.206980,0.19204991,0.19204991,1.92049909
1.6600,2.347595,0.000000,5.259311,0.000000,5.259311,0.19013898,0.19013898,1.90138980
1.6700,2.361737,0.000000,5.312168,0.000000,5.312168,0.18824707,0.18824707,1.88247066
1.6800,2.375879,0.000000,5.365556,0.000000,5.365556,0.18637398,0.18637398,1.86373976
1.6900,2.390021,0.000000,5.419481,0.000000,5.419481,0.18451952,0.18451952,1.84519524
1.7000,2.404163,0.000000,5.473947,0.000000,5.473947,0.18268352,0.18268352,1.82683524
1.7100,2.418305,0.000000,5.528961,0.000000,5.528961,0.18086579,0.18086579,1.80865793
1.7200,2.432447,0.000000,5.584528,0.000000,5.584528,0.17906615,0.17906615,1.79066148
1.7300,2.446589,0.000000,5.640654,0.000000,5.640654,0.17728441,0.17728441,1.77284410
1.7400,2.460732,0.000000,5.697343,0.000000,5.697343,0.17552040,0.17552040,1.75520401
1.7500,2.474874,0.000000,5.754603,0.000000,5.754603,0.17377394,0.17377394,1.73773943
1.7600,2.489016,0.000000,5.812437,0.000000,5.812437,0.17204486,0.17204486,1.72044864
1.7700,2.503158,0.000000,5.870853,0.000000,5.870853,0.17033299,0.17033299,1.70332989
1.7800,2.517300,0.000000,5.929856,0.000000,5.929856,0.16863815,0.16863815,1.68638147
1.7900,2.531442,0.000000,5.989452,0.000000,5.989452,0.16696017,0.16696017,1.66960170
1.8000,2.545584,0.000000,6.049647,0.000000,6.049647,0.16529889,0.16529889,1.65298888
1.8100,2.559727,0.000000,6.110447,0.000000,6.110447,0.16365414,0.16365414,1.63654137
1.8200,2.573869,0.000000,6.171858,0.000000,6.171858,0.16202575,0.16202575,1.62025751
1.8300,2.588011,0.000000,6.233887,0.000000,6.233887,0.16041357,0.16041357,1.60413568
1.8400,2.602153,0.000000,6.296538,0.000000,6.296538,0.15881743,0.15881743,1.58817426
1.8500,2.616295,0.000000,6.359820,0.000000,6.359820,0.15723717,0.15723717,1.57237166
1.8600,2.630437,0.000000,6.423737,0.000000,6.423737,0.15567263,0.15567263,1.55672630
1.8700,2.644579,0.000000,6.488296,0.000000,6.488296,0.15412366,0.15412366,1.54123662
1.8800,2.658721,0.000000,6.553505,0.000000,6.553505,0.15259011,0.15259011,1.52590106
1.8900,2.672864,0.000000,6.619369,0.000000,6.619369,0.15107181,0.15107181,1.51071809
1.9000,2.687006,0.000000,6.685894,0.000000,6.685894,0.14956862,0.14956862,1.49568619
1.9100,2.701148,0.000000,6.753089,0.000000,6.753089,0.14808039,0.14808039,1.48080387
1.9200,2.715290,0.000000,6.820958,0.000000,6.820958,0.14660696,0.14660696,1.46606962
1.9300,2.729432,0.000000,6.889510,0.000000,6.889510,0.14514820,0.14514820,1.45148198
1.9400,2.743574,0.000000,6.958751,0.000000,6.958751,0.14370395,0.14370395,1.43703950
1.9500,2.757716,0.000000,7.028688,0.000000,7.028688,0.14227407,0.14227407,1.42274072
1.9600,2.771859,0.000000,7.099327,0.000000,7.099327,0.14085842,0.14085842,1.40858421
1.9700,2.786001,0.000000,7.170676,0.000000,7.170676,0.13945686,0.13945686,1.39456856
1.9800,2.800143,0.000000,7.242743,0.000000,7.242743,0.13806924,0.13806924,1.38069237
1.9900,2.814285,0.000000,7.315534,0.000000,7.315534,0.13669543,0.13669543,1.36695425
2.0000,2.828427,0.000000,7.389056,0.000000,7.389056,0.13533528,0.13533528,1.35335283
2.0100,2.842569,0.000000,7.463317,0.000000,7.463317,0.13398867,0.13398867,1.33988675
2.0200,2.856711,0.000000,7.538325,0.000000,7.538325,0.13265547,0.13265547,1.32655465
2.0300,2.870854,0.000000,7.614086,0.000000,7.614086,0.13133552,0.13133552,1.31335521
2.0400,2.884996,0.000000,7.690609,0.000000,7.690609,0.13002871,0.13002871,1.30028711
2.0500,2.899138,0.000000,7.767901,0.000000,7.767901,0.12873490,0.12873490,1.28734904
2.0600,2.913280,0.000000,7.845970,0.000000,7.845970,0.12745397,0.12745397,1.27453970
2.0700,2.927422,0.000000,7.924823,0.000000,7.924823,0.12618578,0.12618578,1.26185782
2.0800,2.941564,0.000000,8.004469,0.000000,8.004469,0.12493021,0.12493021,1.24930212
2.0900,2.955706,0.000000,8.084915,0.000000,8.084915,0.12368714,0.12368714,1.23687136
2.1000,2.969848,0.000000,8.166170,0.000000,8.166170,0.12245643,0.12245643,1.22456428
2.1100,2.983991,0.000000,8.248241,0.000000,8.248241,0.12123797,0.12123797,1.21237966
2.1200,2.998133,0.000000,8.331137,0.000000,8.331137,0.12003163,0.12003163,1.20031629
2.1300,3.012275,0.000000,8.414867,0.000000,8.414867,0.11883729,0.11883729,1.18837294
2.1400,3.026417,0.000000,8.499438,0.000000,8.499438,0.11765484,0.11765484,1.17654843
2.1500,3.040559,0.000000,8.584858,0.000000,8.584858,0.11648416,0.11648416,1.16484158
2.1600,3.054701,0.000000,8.671138,0.000000,8.671138,0.11532512,0.11532512,1.15325121
2.1700,3.068843,0.000000,8.758284,0.000000,8.758284,0.11417762,0.11417762,1.14177617
2.1800,3.082986,0.000000,8.846306,0.000000,8.846306,0.11304153,0.11304153,1.13041531
2.1900,3.097128,0.000000,8.935213,0.000000,8.935213,0.11191675,0.11191675,1.11916749
2.2000,3.111270,0.000000,9.025013,0.000000,9.025013,0.11080316,0.11080316,1.10803158
2.2100,3.125412,0.000000,9.115716,0.000000,9.115716,0.10970065,0.10970065,1.09700649
2.2200,3.139554,0.000000,9.207331,0.000000,9.207331,0.10860911,0.10860911,1.08609109
2.2300,3.153696,0.000000,9.299866,0.000000,9.299866,0.10752843,0.10752843,1.07528430
2.2400,3.167838,0.000000,9.393331,0.000000,9.393331,0.10645850,0.10645850,1.06458504
2.2500,3.181981,0.000000,9.487736,0.000000,9.487736,0.10539922,0.10539922,1.05399225
2.2600,3.196123,0.000000,9.583089,0.000000,9.583089,0.10435048,0.10435048,1.04350485
2.2700,3.210265,0.000000,9.679401,0.000000,9.679401,0.10331218,0.10331218,1.03312180
2.2800,3.224407,0.000000,9.776680,0.000000,9.776680,0.10228421,0.10228421,1.02284207
2.2900,3.238549,0.000000,9.874938,0.000000,9.874938,0.10126646,0.10126646,1.01266462
2.3000,3.252691,0.000000,9.974182,0.000000,9.974182,0.10025884,0.10025884,1.00258844
2.3100,3.266833,0.000000,10.074425,0.000000,10.074425,0.09926125,0.09926125,0.99261252
2.3200,3.280975,0.000000,10.175674,0.000000,10.175674,0.09827359,0.09827359,0.98273586
2.3300,3.295118,0.000000,10.277942,0.000000,10.277942,0.09729575,0.09729575,0.97295747
2.3400,3.309260,0.000000,10.381237,0.000000,10.381237,0.09632764,0.09632764,0.96327638
2.3500,3.323402,0.000000,10.485570,0.000000,10.485570,0.09536916,0.09536916,0.95369162
2.3600,3.337544,0.000000,10.590951,0.000000,10.590951,0.09442022,0.09442022,0.94420223
2.3700,3.351686,0.000000,10.697392,0.000000,10.697392,0.09348073,0.09348073,0.93480726
2.3800,3.365828,0.000000,10.804903,0.000000,10.804903,0.09255058,0.09255058,0.92550578
2.3900,3.379970,0.000000,10.913494,0.000000,10.913494,0.09162968,0.09162968,0.91629684
2.4000,3.394113,0.000000,11.023176,0.000000,11.023176,0.09071795,0.09071795,0.90717953
2.4100,3.408255,0.000000,11.133961,0.000000,11.133961,0.08981529,0.08981529,0.89815295
2.4200,3.422397,0.000000,11.245859,0.000000,11.245859,0.08892162,0.08892162,0.88921617
2.4300,3.436539,0.000000,11.358882,0.000000,11.358882,0.08803683,0.08803683,0.88036833
2.4400,3.450681,0.000000,11.473041,0.000000,11.473041,0.08716085,0.08716085,0.87160851
2.4500,3.464823,0.000000,11.588347,0.000000,11.588347,0.08629359,0.08629359,0.86293586
2.4600,3.478965,0.000000,11.704812,0.000000,11.704812,0.08543495,0.08543495,0.85434951
2.4700,3.493107,0.000000,11.822447,0.000000,11.822447,0.08458486,0.08458486,0.84584859
2.4800,3.507250,0.000000,11.941264,0.000000,11.941264,0.08374323,0.08374323,0.83743226
2.4900,3.521392,0.000000,12.061276,0.000000,12.061276,0.08290997,0.08290997,0.82909967
2.5000,3.535534,0.000000,12.182494,0.000000,12.182494,0.08208500,0.08208500,0.82084999
2.5100,3.549676,0.000000,12.304930,0.000000,12.304930,0.08126824,0.08126824,0.81268239
2.5200,3.563818,0.000000,12.428597,0.000000,12.428597,0.08045961,0.08045961,0.80459607
2.5300,3.577960,0.000000,12.553506,0.000000,12.553506,0.07965902,0.07965902,0.79659020
2.5400,3.592102,0.000000,12.679671,0.000000,12.679671,0.07886640,0.07886640,0.78866400
2.5500,3.606245,0.000000,12.807104,0.000000,12.807104,0.07808167,0.07808167,0.78081666
2.5600,3.620387,0.000000,12.935817,0.000000,12.935817,0.07730474,0.07730474,0.77304740
2.5700,3.634529,0.000000,13.065824,0.000000,13.065824,0.07653555,0.07653555,0.76535545
2.5800,3.648671,0.000000,13.197138,0.000000,13.197138,0.07577400,0.07577400,0.75774004
2.5900,3.662813,0.000000,13.329772,0.000000,13.329772,0.07502004,0.07502004,0.75020040
2.6000,3.676955,0.000000,13.463738,0.000000,13.463738,0.07427358,0.07427358,0.74273578
2.6100,3.691097,0.000000,13.599051,0.000000,13.599051,0.07353454,0.07353454,0.73534544
2.6200,3.705240,0.000000,13.735724,0.000000,13.735724,0.07280286,0.07280286,0.72802863
2.6300,3.719382,0.000000,13.873770,0.000000,13.873770,0.07207846,0.07207846,0.72078462
2.6400,3.733524,0.000000,14.013204,0.000000,14.013204,0.07136127,0.07136127,0.71361270
2.6500,3.747666,0.000000,14.154039,0.000000,14.154039,0.07065121,0.07065121,0.70651213
2.6600,3.761808,0.000000,14.296289,0.000000,14.296289,0.06994822,0.06994822,0.69948222
2.6700,3.775950,0.000000,14.439969,0.000000,14.439969,0.06925223,0.06925223,0.69252225
2.6800,3.790092,0.000000,14.585093,0.000000,14.585093,0.06856315,0.06856315,0.68563154
2.6900,3.804234,0.000000,14.731676,0.000000,14.731676,0.06788094,0.06788094,0.67880939
2.7000,3.818377,0.000000,14.879732,0.000000,14.879732,0.06720551,0.06720551,0.67205513
2.7100,3.832519,0.000000,15.029276,0.000000,15.029276,0.06653681,0.06653681,0.66536807
2.7200,3.846661,0.000000,15.180322,0.000000,15.180322,0.06587475,0.06587475,0.65874754
2.7300,3.860803,0.000000,15.332887,0.000000,15.332887,0.06521929,0.06521929,0.65219290
2.7400,3.874945,0.000000,15.486985,0.000000,15.486985,0.06457035,0.06457035,0.64570347
2.7500,3.889087,0.000000,15.642632,0.000000,15.642632,0.06392786,0.06392786,0.63927861
2.7600,3.903229,0.000000,15.799843,0.000000,15.799843,0.06329177,0.06329177,0.63291768
2.7700,3.917372,0.000000,15.958634,0.000000,15.958634,0.06266200,0.06266200,0.62662005
2.7800,3.931514,0.000000,16.119021,0.000000,16.119021,0.06203851,0.06203851,0.62038507
2.7900,3.945656,0.000000,16.281020,0.000000,16.281020,0.06142121,0.06142121,0.61421214
2.8000,3.959798,0.000000,16.444647,0.000000,16.444647,0.06081006,0.06081006,0.60810063
2.8100,3.973940,0.000000,16.609918,0.000000,16.609918,0.06020499,0.06020499,0.60204992
2.8200,3.988082,0.000000,16.776851,0.000000,16.776851,0.05960594,0.05960594,0.59605943
2.8300,4.002224,0.000000,16.945461,0.000000,16.945461,0.05901285,0.05901285,0.59012854
2.8400,4.016367,0.000000,17.115766,0.000000,17.115766,0.05842567,0.05842567,0.58425666
2.8500,4.030509,0.000000,17.287782,0.000000,17.287782,0.05784432,0.05784432,0.57844321
2.8600,4.044651,0.000000,17.461527,0.000000,17.461527,0.05726876,0.05726876,0.57268760
2.8700,4.058793,0.000000,17.637018,0.000000,17.637018,0.05669893,0.05669893,0.56698927
2.8800,4.072935,0.000000,17.814273,0.000000,17.814273,0.05613476,0.05613476,0.56134763
2.8900,4.087077,0.000000,17.993310,0.000000,17.993310,0.05557621,0.05557621,0.55576213
2.9000,4.101219,0.000000,18.174145,0.000000,18.174145,0.05502322,0.05502322,0.55023220
2.9100,4.115361,0.000000,18.356799,0.000000,18.356799,0.05447573,0.05447573,0.54475730
2.9200,4.129504,0.000000,18.541287,0.000000,18.541287,0.05393369,0.05393369,0.53933687
2.9300,4.143646,0.000000,18.727630,0.000000,18.727630,0.05339704,0.05339704,0.53397038
2.9400,4.157788,0.000000,18.915846,0.000000,18.915846,0.05286573,0.05286573,0.52865729
2.9500,4.171930,0.000000,19.105954,0.000000,19.105954,0.05233971,0.05233971,0.52339706
2.9600,4.186072,0.000000,19.297972,0.000000,19.297972,0.05181892,0.05181892,0.51818917
2.9700,4.200214,0.000000,19.491920,0.000000,19.491920,0.05130331,0.05130331,0.51303310
2.9800,4.214356,0.000000,19.687817,0.000000,19.687817,0.05079283,0.05079283,0.50792834
2.9900,4.228499,0.000000,19.885682,0.000000,19.885682,0.05028744,0.05028744,0.50287437
3.0000,4.242641,0.000000,20.085537,0.000000,20.085537,0.04978707,0.04978707,0.49787068
3.0100,4.256783,0.000000,20.287400,0.000000,20.287400,0.04929168,0.04929168,0.49291679
3.0200,4.270925,0.000000,20.491292,0.000000,20.491292,0.04880122,0.04880122,0.48801218
3.0300,4.285067,0.000000,20.697233,0.000000,20.697233,0.04831564,0.04831564,0.48315638
3.0400,4.299209,0.000000,20.905243,0.000000,20.905243,0.04783489,0.04783489,0.47834889
3.0500,4.313351,0.000000,21.115344,0.000000,21.115344,0.04735892,0.04735892,0.47358924
3.0600,4.327494,0.000000,21.327557,0.000000,21.327557,0.04688770,0.04688770,0.46887695
3.0700,4.341636,0.000000,21.541903,0.000000,21.541903,0.04642115,0.04642115,0.46421155
3.0800,4.355778,0.000000,21.758402,0.000000,21.758402,0.04595926,0.04595926,0.45959257
3.0900,4.369920,0.000000,21.977078,0.000000,21.977078,0.04550195,0.04550195,0.45501954
3.1000,4.384062,0.000000,22.197951,0.000000,22.197951,0.04504920,0.04504920,0.45049202
3.1100,4.398204,0.000000,22.421044,0.000000,22.421044,0.04460096,0.04460096,0.44600955
3.1200,4.412346,0.000000,22.646380,0.000000,22.646380,0.04415717,0.04415717,0.44157168
3.1300,4.426488,0.000000,22.873980,0.000000,22.873980,0.04371780,0.04371780,0.43717797
3.1400,4.440631,0.000000,23.103867,0.000000,23.103867,0.04328280,0.04328280,0.43282798
3.1500,4.454773,0.000000,23.336065,0.000000,23.336065,0.04285213,0.04285213,0.42852127
3.1600,4.468915,0.000000,23.570596,0.000000,23.570596,0.04242574,0.04242574,0.42425741
3.1700,4.483057,0.000000,23.807484,0.000000,23.807484,0.04200360,0.04200360,0.42003598
3.1800,4.497199,0.000000,24.046754,0.000000,24.046754,0.04158566,0.04158566,0.41585655
3.1900,4.511341,0.000000,24.288427,0.000000,24.288427,0.04117187,0.04117187,0.41171871
3.2000,4.525483,0.000000,24.532530,0.000000,24.532530,0.04076220,0.04076220,0.40762204
3.2100,4.539626,0.000000,24.779086,0.000000,24.779086,0.04035661,0.04035661,0.40356613
3.2200,4.553768,0.000000,25.028120,0.000000,25.028120,0.03995506,0.03995506,0.39955058
3.2300,4.567910,0.000000,25.279657,0.000000,25.279657,0.03955750,0.03955750,0.39557499
3.2400,4.582052,0.000000,25.533722,0.000000,25.533722,0.03916390,0.03916390,0.39163895
3.2500,4.596194,0.000000,25.790340,0.000000,25.790340,0.03877421,0.03877421,0.38774208
3.2600,4.610336,0.000000,26.049537,0.000000,26.049537,0.03838840,0.03838840,0.38388398
3.2700,4.624478,0.000000,26.311339,0.000000,26.311339,0.03800643,0.03800643,0.38006427
3.2800,4.638620,0.000000,26.575773,0.000000,26.575773,0.03762826,0.03762826,0.37628257
3.2900,4.652763,0.000000,26.842864,0.000000,26.842864,0.03725385,0.03725385,0.37253849
3.3000,4.666905,0.000000,27.112639,0.000000,27.112639,0.03688317,0.03688317,0.36883167
3.3100,4.681047,0.000000,27.385125,0.000000,27.385125,0.03651617,0.03651617,0.36516174
3.3200,4.695189,0.000000,27.660351,0.000000,27.660351,0.03615283,0.03615283,0.36152832
3.3300,4.709331,0.000000,27.938342,0.000000,27.938342,0.03579311,0.03579311,0.35793105
3.3400,4.723473,0.000000,28.219127,0.000000,28.219127,0.03543696,0.03543696,0.35436958
3.3500,4.737615,0.000000,28.502734,0.000000,28.502734,0.03508435,0.03508435,0.35084354
3.3600,4.751758,0.000000,28.789191,0.000000,28.789191,0.03473526,0.03473526,0.34735259
3.3700,4.765900,0.000000,29.078527,0.000000,29.078527,0.03438964,0.03438964,0.34389637
3.3800,4.780042,0.000000,29.370771,0.000000,29.370771,0.03404745,0.03404745,0.34047455
3.3900,4.794184,0.000000,29.665952,0.000000,29.665952,0.03370868,0.03370868,0.33708677
3.4000,4.808326,0.000000,29.964100,0.000000,29.964100,0.03337327,0.03337327,0.33373270
3.4100,4.822468,0.000000,30.265244,0.000000,30.265244,0.03304120,0.03304120,0.33041200
3.4200,4.836610,0.000000,30.569415,0.000000,30.569415,0.03271243,0.03271243,0.32712435
3.4300,4.850753,0.000000,30.876643,0.000000,30.876643,0.03238694,0.03238694,0.32386941
3.4400,4.864895,0.000000,31.186958,0.000000,31.186958,0.03206469,0.03206469,0.32064685
3.4500,4.879037,0.000000,31.500392,0.000000,31.500392,0.03174564,0.03174564,0.31745636
3.4600,4.893179,0.000000,31.816977,0.000000,31.816977,0.03142976,0.03142976,0.31429762
3.4700,4.907321,0.000000,32.136742,0.000000,32.136742,0.03111703,0.03111703,0.31117031
3.4800,4.921463,0.000000,32.459722,0.000000,32.459722,0.03080741,0.03080741,0.30807411
3.4900,4.935605,0.000000,32.785948,0.000000,32.785948,0.03050087,0.03050087,0.30500872
3.5000,4.949747,0.000000,33.115452,0.000000,33.115452,0.03019738,0.03019738,0.30197383
3.5100,4.963890,0.000000,33.448268,0.000000,33.448268,0.02989691,0.02989691,0.29896914
3.5200,4.978032,0.000000,33.784428,0.000000,33.784428,0.02959944,0.02959944,0.29599435
3.5300,4.992174,0.000000,34.123968,0.000000,34.123968,0.02930492,0.02930492,0.29304916
3.5400,5.006316,0.000000,34.466919,0.000000,34.466919,0.02901333,0.02901333,0.29013327
3.5500,5.020458,0.000000,34.813317,0.000000,34.813317,0.02872464,0.02872464,0.28724640
3.5600,5.034600,0.000000,35.163197,0.000000,35.163197,0.02843882,0.02843882,0.28438825
3.5700,5.048742,0.000000,35.516593,0.000000,35.516593,0.02815585,0.02815585,0.28155854
3.5800,5.062885,0.000000,35.873541,0.000000,35.873541,0.02787570,0.02787570,0.27875698
3.5900,5.077027,0.000000,36.234076,0.000000,36.234076,0.02759833,0.02759833,0.27598330
3.6000,5.091169,0.000000,36.598234,0.000000,36.598234,0.02732372,0.02732372,0.27323722
3.6100,5.105311,0.000000,36.966053,0.000000,36.966053,0.02705185,0.02705185,0.27051847
3.6200,5.119453,0.000000,37.337568,0.000000,37.337568,0.02678268,0.02678268,0.26782676
3.6300,5.133595,0.000000,37.712817,0.000000,37.712817,0.02651618,0.02651618,0.26516184
3.6400,5.147737,0.000000,38.091837,0.000000,38.091837,0.02625234,0.02625234,0.26252344
3.6500,5.161880,0.000000,38.474666,0.000000,38.474666,0.02599113,0.02599113,0.25991129
3.6600,5.176022,0.000000,38.861343,0.000000,38.861343,0.02573251,0.02573251,0.25732513
3.6700,5.190164,0.000000,39.251906,0.000000,39.251906,0.02547647,0.02547647,0.25476470
3.6800,5.204306,0.000000,39.646394,0.000000,39.646394,0.02522297,0.02522297,0.25222975
3.6900,5.218448,0.000000,40.044847,0.000000,40.044847,0.02497200,0.02497200,0.24972002
3.7000,5.232590,0.000000,40.447304,0.000000,40.447304,0.02472353,0.02472353,0.24723526
3.7100,5.246732,0.000000,40.853807,0.000000,40.853807,0.02447752,0.02447752,0.24477523
3.7200,5.260874,0.000000,41.264394,0.000000,41.264394,0.02423397,0.02423397,0.24233968
3.7300,5.275017,0.000000,41.679108,0.000000,41.679108,0.02399284,0.02399284,0.23992836
3.7400,5.289159,0.000000,42.097990,0.000000,42.097990,0.02375410,0.02375410,0.23754103
3.7500,5.303301,0.000000,42.521082,0.000000,42.521082,0.02351775,0.02351775,0.23517746
3.7600,5.317443,0.000000,42.948426,0.000000,42.948426,0.02328374,0.02328374,0.23283740
3.7700,5.331585,0.000000,43.380065,0.000000,43.380065,0.02305206,0.02305206,0.23052063
3.7800,5.345727,0.000000,43.816042,0.000000,43.816042,0.02282269,0.02282269,0.22822691
3.7900,5.359869,0.000000,44.256400,0.000000,44.256400,0.02259560,0.02259560,0.22595602
3.8000,5.374012,0.000000,44.701184,0.000000,44.701184,0.02237077,0.02237077,0.22370772
3.8100,5.388154,0.000000,45.150439,0.000000,45.150439,0.02214818,0.02214818,0.22148179
3.8200,5.402296,0.000000,45.604208,0.000000,45.604208,0.02192780,0.02192780,0.21927801
3.8300,5.416438,0.000000,46.062538,0.000000,46.062538,0.02170962,0.02170962,0.21709616
3.8400,5.430580,0.000000,46.525474,0.000000,46.525474,0.02149360,0.02149360,0.21493601
3.8500,5.444722,0.000000,46.993063,0.000000,46.993063,0.02127974,0.02127974,0.21279736
3.8600,5.458864,0.000000,47.465351,0.000000,47.465351,0.02106800,0.02106800,0.21068000
3.8700,5.473006,0.000000,47.942386,0.000000,47.942386,0.02085837,0.02085837,0.20858369
3.8800,5.487149,0.000000,48.424215,0.000000,48.424215,0.02065083,0.02065083,0.20650825
3.8900,5.501291,0.000000,48.910887,0.000000,48.910887,0.02044535,0.02044535,0.20445346
3.9000,5.515433,0.000000,49.402449,0.000000,49.402449,0.02024191,0.02024191,0.20241911
3.9100,5.529575,0.000000,49.898952,0.000000,49.898952,0.02004050,0.02004050,0.20040501
3.9200,5.543717,0.000000,50.400445,0.000000,50.400445,0.01984109,0.01984109,0.19841095
3.9300,5.557859,0.000000,50.906978,0.000000,50.906978,0.01964367,0.01964367,0.19643673
3.9400,5.572001,0.000000,51.418601,0.000000,51.418601,0.01944821,0.01944821,0.19448215
3.9500,5.586144,0.000000,51.935367,0.000000,51.935367,0.01925470,0.01925470,0.19254702
3.9600,5.600286,0.000000,52.457326,0.000000,52.457326,0.01906311,0.01906311,0.19063114
3.9700,5.614428,0.000000,52.984531,0.000000,52.984531,0.01887343,0.01887343,0.18873433
3.9800,5.628570,0.000000,53.517034,0.000000,53.517034,0.01868564,0.01868564,0.18685639
3.9900,5.642712,0.000000,54.054889,0.000000,54.054889,0.01849971,0.01849971,0.18499714
4.0000,5.656854,0.000000,54.598150,0.000000,54.598150,0.01831564,0.01831564,0.18315639
4.0100,5.670996,0.000000,55.146871,0.000000,55.146871,0.01813340,0.01813340,0.18133395
4.0200,5.685139,0.000000,55.701106,0.000000,55.701106,0.01795296,0.01795296,0.17952965
4.0300,5.699281,0.000000,56.260911,0.000000,56.260911,0.01777433,0.01777433,0.17774330
4.0400,5.713423,0.000000,56.826343,0.000000,56.826343,0.01759747,0.01759747,0.17597472
4.0500,5.727565,0.000000,57.397457,0.000000,57.397457,0.01742237,0.01742237,0.17422375
4.0600,5.741707,0.000000,57.974311,0.000000,57.974311,0.01724902,0.01724902,0.17249019
4.0700,5.755849,0.000000,58.556963,0.000000,58.556963,0.01707739,0.01707739,0.17077389
4.0800,5.769991,0.000000,59.145470,0.000000,59.145470,0.01690747,0.01690747,0.16907466
4.0900,5.784133,0.000000,59.739892,0.000000,59.739892,0.01673923,0.01673923,0.16739234
4.1000,5.798276,0.000000,60.340288,0.000000,60.340288,0.01657268,0.01657268,0.16572675
4.1100,5.812418,0.000000,60.946718,0.000000,60.946718,0.01640777,0.01640777,0.16407775
4.1200,5.826560,0.000000,61.559242,0.000000,61.559242,0.01624451,0.01624451,0.16244514
4.1300,5.840702,0.000000,62.177923,0.000000,62.177923,0.01608288,0.01608288,0.16082879
4.1400,5.854844,0.000000,62.802821,0.000000,62.802821,0.01592285,0.01592285,0.15922852
4.1500,5.868986,0.000000,63.434000,0.000000,63.434000,0.01576442,0.01576442,0.15764416
4.1600,5.883128,0.000000,64.071523,0.000000,64.071523,0.01560756,0.01560756,0.15607558
4.1700,5.897271,0.000000,64.715452,0.000000,64.715452,0.01545226,0.01545226,0.15452260
4.1800,5.911413,0.000000,65.365853,0.000000,65.365853,0.01529851,0.01529851,0.15298508
4.1900,5.925555,0.000000,66.022791,0.000000,66.022791,0.01514628,0.01514628,0.15146285
4.2000,5.939697,0.000000,66.686331,0.000000,66.686331,0.01499558,0.01499558,0.14995577
4.2100,5.953839,0.000000,67.356540,0.000000,67.356540,0.01484637,0.01484637,0.14846368
4.2200,5.967981,0.000000,68.033484,0.000000,68.033484,0.01469864,0.01469864,0.14698645
4.2300,5.982123,0.000000,68.717232,0.000000,68.717232,0.01455239,0.01455239,0.14552391
4.2400,5.996266,0.000000,69.407852,0.000000,69.407852,0.01440759,0.01440759,0.14407592
4.2500,6.010408,0.000000,70.105412,0.000000,70.105412,0.01426423,0.01426423,0.14264234
4.2600,6.024550,0.000000,70.809983,0.000000,70.809983,0.01412230,0.01412230,0.14122302
4.2700,6.038692,0.000000,71.521636,0.000000,71.521636,0.01398178,0.01398178,0.13981783
4.2800,6.052834,0.000000,72.240440,0.000000,72.240440,0.01384266,0.01384266,0.13842662
4.2900,6.066976,0.000000,72.966468,0.000000,72.966468,0.01370493,0.01370493,0.13704925
4.3000,6.081118,0.000000,73.699794,0.000000,73.699794,0.01356856,0.01356856,0.13568559
4.3100,6.095260,0.000000,74.440489,0.000000,74.440489,0.01343355,0.01343355,0.13433550
4.3200,6.109403,0.000000,75.188628,0.000000,75.188628,0.01329988,0.01329988,0.13299884
4.3300,6.123545,0.000000,75.944287,0.000000,75.944287,0.01316755,0.01316755,0.13167547
4.3400,6.137687,0.000000,76.707539,0.000000,76.707539,0.01303653,0.01303653,0.13036528
4.3500,6.151829,0.000000,77.478463,0.000000,77.478463,0.01290681,0.01290681,0.12906813
4.3600,6.165971,0.000000,78.257134,0.000000,78.257134,0.01277839,0.01277839,0.12778388
4.3700,6.180113,0.000000,79.043632,0.000000,79.043632,0.01265124,0.01265124,0.12651241
4.3800,6.194255,0.000000,79.838033,0.000000,79.838033,0.01252536,0.01252536,0.12525359
4.3900,6.208398,0.000000,80.640419,0.000000,80.640419,0.01240073,0.01240073,0.12400729
4.4000,6.222540,0.000000,81.450869,0.000000,81.450869,0.01227734,0.01227734,0.12277340
4.4100,6.236682,0.000000,82.269463,0.000000,82.269463,0.01215518,0.01215518,0.12155178
4.4200,6.250824,0.000000,83.096285,0.000000,83.096285,0.01203423,0.01203423,0.12034232
4.4300,6.264966,0.000000,83.931417,0.000000,83.931417,0.01191449,0.01191449,0.11914490
4.4400,6.279108,0.000000,84.774942,0.000000,84.774942,0.01179594,0.01179594,0.11795939
4.4500,6.293250,0.000000,85.626944,0.000000,85.626944,0.01167857,0.01167857,0.11678567
4.4600,6.307392,0.000000,86.487509,0.000000,86.487509,0.01156236,0.01156236,0.11562363
4.4700,6.321535,0.000000,87.356723,0.000000,87.356723,0.01144732,0.01144732,0.11447316
4.4800,6.335677,0.000000,88.234673,0.000000,88.234673,0.01133341,0.01133341,0.11333413
4.4900,6.349819,0.000000,89.121446,0.000000,89.121446,0.01122064,0.01122064,0.11220644
4.5000,6.363961,0.000000,90.017131,0.000000,90.017131,0.01110900,0.01110900,0.11108997
4.5100,6.378103,0.000000,90.921818,0.000000,90.921818,0.01099846,0.01099846,0.10998460
4.5200,6.392245,0.000000,91.835598,0.000000,91.835598,0.01088902,0.01088902,0.10889024
4.5300,6.406387,0.000000,92.758561,0.000000,92.758561,0.01078068,0.01078068,0.10780676
4.5400,6.420530,0.000000,93.690800,0.000000,93.690800,0.01067341,0.01067341,0.10673407
4.5500,6.434672,0.000000,94.632408,0.000000,94.632408,0.01056720,0.01056720,0.10567204
4.5600,6.448814,0.000000,95.583480,0.000000,95.583480,0.01046206,0.01046206,0.10462059
4.5700,6.462956,0.000000,96.544110,0.000000,96.544110,0.01035796,0.01035796,0.10357960
4.5800,6.477098,0.000000,97.514394,0.000000,97.514394,0.01025490,0.01025490,0.10254896
4.5900,6.491240,0.000000,98.494430,0.000000,98.494430,0.01015286,0.01015286,0.10152858
4.6000,6.505382,0.000000,99.484316,0.000000,99.484316,0.01005184,0.01005184,0.10051836
4.6100,6.519525,0.000000,100.484150,0.000000,100.484150,0.00995182,0.00995182,0.09951818
4.6200,6.533667,0.000000,101.494032,0.000000,101.494032,0.00985280,0.00985280,0.09852796
4.6300,6.547809,0.000000,102.514064,0.000000,102.514064,0.00975476,0.00975476,0.09754759
4.6400,6.561951,0.000000,103.544348,0.000000,103.544348,0.00965770,0.00965770,0.09657698
4.6500,6.576093,0.000000,104.584986,0.000000,104.584986,0.00956160,0.00956160,0.09561602
4.6600,6.590235,0.000000,105.636082,0.000000,105.636082,0.00946646,0.00946646,0.09466462
4.6700,6.604377,0.000000,106.697742,0.000000,106.697742,0.00937227,0.00937227,0.09372270
4.6800,6.618519,0.000000,107.770073,0.000000,107.770073,0.00927901,0.00927901,0.09279014
4.6900,6.632662,0.000000,108.853180,0.000000,108.853180,0.00918669,0.00918669,0.09186686
4.7000,6.646804,0.000000,109.947172,0.000000,109.947172,0.00909528,0.00909528,0.09095277
4.7100,6.660946,0.000000,111.052160,0.000000,111.052160,0.00900478,0.00900478,0.09004778
4.7200,6.675088,0.000000,112.168253,0.000000,112.168253,0.00891518,0.00891518,0.08915179
4.7300,6.689230,0.000000,113.295562,0.000000,113.295562,0.00882647,0.00882647,0.08826471
4.7400,6.703372,0.000000,114.434202,0.000000,114.434202,0.00873865,0.00873865,0.08738646
4.7500,6.717514,0.000000,115.584284,0.000000,115.584284,0.00865170,0.00865170,0.08651695
4.7600,6.731657,0.000000,116.745926,0.000000,116.745926,0.00856561,0.00856561,0.08565609
4.7700,6.745799,0.000000,117.919242,0.000000,117.919242,0.00848038,0.00848038,0.08480380
4.7800,6.759941,0.000000,119.104350,0.000000,119.104350,0.00839600,0.00839600,0.08395999
4.7900,6.774083,0.000000,120.301369,0.000000,120.301369,0.00831246,0.00831246,0.08312457
4.8000,6.788225,0.000000,121.510417,0.000000,121.510417,0.00822975,0.00822975,0.08229747
4.8100,6.802367,0.000000,122.731617,0.000000,122.731617,0.00814786,0.00814786,0.08147860
4.8200,6.816509,0.000000,123.965091,0.000000,123.965091,0.00806679,0.00806679,0.08066787
4.8300,6.830652,0.000000,125.210961,0.000000,125.210961,0.00798652,0.00798652,0.07986521
4.8400,6.844794,0.000000,126.469352,0.000000,126.469352,0.00790705,0.00790705,0.07907054
4.8500,6.858936,0.000000,127.740390,0.000000,127.740390,0.00782838,0.00782838,0.07828378
4.8600,6.873078,0.000000,129.024202,0.000000,129.024202,0.00775048,0.00775048,0.07750484
4.8700,6.887220,0.000000,130.320917,0.000000,130.320917,0.00767337,0.00767337,0.07673365
4.8800,6.901362,0.000000,131.630664,0.000000,131.630664,0.00759701,0.00759701,0.07597014
4.8900,6.915504,0.000000,132.953574,0.000000,132.953574,0.00752142,0.00752142,0.07521422
4.9000,6.929646,0.000000,134.289780,0.000000,134.289780,0.00744658,0.00744658,0.07446583
4.9100,6.943789,0.000000,135.639414,0.000000,135.639414,0.00737249,0.00737249,0.07372488
4.9200,6.957931,0.000000,137.002613,0.000000,137.002613,0.00729913,0.00729913,0.07299131
4.9300,6.972073,0.000000,138.379512,0.000000,138.379512,0.00722650,0.00722650,0.07226503
4.9400,6.986215,0.000000,139.770250,0.000000,139.770250,0.00715460,0.00715460,0.07154598
4.9500,7.000357,0.000000,141.174964,0.000000,141.174964,0.00708341,0.00708341,0.07083409
4.9600,7.014499,0.000000,142.593796,0.000000,142.593796,0.00701293,0.00701293,0.07012928
4.9700,7.028641,0.000000,144.026887,0.000000,144.026887,0.00694315,0.00694315,0.06943148
4.9800,7.042784,0.000000,145.474382,0.000000,145.474382,0.00687406,0.00687406,0.06874063
4.9900,7.056926,0.000000,146.936423,0.000000,146.936423,0.00680566,0.00680566,0.06805664
5.0000,7.071068,0.000000,148.413159,0.000000,148.413159,0.00673795,0.00673795,0.06737947
