r,phi_ratio,dphi_dr
1.00000e-04,1.97419e-14,1.15653e-36
6.11429e-03,1.98878e-14,3.66513e-14
1.21286e-02,2.02411e-14,7.99966e-14
1.81429e-02,2.08504e-14,1.22872e-13
2.41571e-02,2.17239e-14,1.68091e-13
3.01714e-02,2.28795e-14,2.16904e-13
3.61857e-02,2.43424e-14,2.70471e-13
4.22000e-02,2.61449e-14,3.30036e-13
4.82143e-02,2.83271e-14,3.96989e-13
5.42286e-02,3.09381e-14,4.72910e-13
6.02429e-02,3.40371e-14,5.59613e-13
6.62571e-02,3.76952e-14,6.59198e-13
7.22714e-02,4.19970e-14,7.74110e-13
7.82857e-02,4.70431e-14,9.07205e-13
8.43000e-02,5.29525e-14,1.06183e-12
9.03143e-02,5.98663e-14,1.24191e-12
9.63286e-02,6.79511e-14,1.45207e-12
1.02343e-01,7.74039e-14,1.69777e-12
1.08357e-01,8.84570e-14,1.98544e-12
1.14371e-01,1.01385e-13,2.32267e-12
1.20386e-01,1.16513e-13,2.71843e-12
1.26400e-01,1.34222e-13,3.18335e-12
1.32414e-01,1.54967e-13,3.72999e-12
1.38429e-01,1.79282e-13,4.37324e-12
1.44443e-01,2.07800e-13,5.13072e-12
1.50457e-01,2.41268e-13,6.02331e-12
1.56471e-01,2.80572e-13,7.07580e-12
1.62486e-01,3.26759e-13,8.31757e-12
1.68500e-01,3.81069e-13,9.78347e-12
1.74514e-01,4.44972e-13,1.15149e-11
1.80529e-01,5.20207e-13,1.35609e-11
1.86543e-01,6.08837e-13,1.59800e-11
1.92557e-01,7.13309e-13,1.88414e-11
1.98571e-01,8.36523e-13,2.22274e-11
2.04586e-01,9.81920e-13,2.62361e-11
2.10600e-01,1.15359e-12,3.09838e-11
2.16614e-01,1.35637e-12,3.66091e-11
2.22629e-01,1.59603e-12,4.32766e-11
2.28643e-01,1.87940e-12,5.11825e-11
2.34657e-01,2.21463e-12,6.05599e-11
2.40671e-01,2.61136e-12,7.16868e-11
2.46686e-01,3.08108e-12,8.48937e-11
2.52700e-01,3.63746e-12,1.00575e-10
2.58714e-01,4.29674e-12,1.19199e-10
2.64729e-01,5.07827e-12,1.41326e-10
2.70743e-01,6.00504e-12,1.67621e-10
2.76757e-01,7.10444e-12,1.98880e-10
2.82771e-01,8.40910e-12,2.36048e-10
2.88786e-01,9.95786e-12,2.80256e-10
2.94800e-01,1.17970e-11,3.32849e-10
3.00814e-01,1.39816e-11,3.95436e-10
3.06829e-01,1.65773e-11,4.69931e-10
3.12843e-01,1.96626e-11,5.58623e-10
3.18857e-01,2.33307e-11,6.64242e-10
3.24871e-01,2.76929e-11,7.90045e-10
3.30886e-01,3.28820e-11,9.39923e-10
3.36900e-01,3.90563e-11,1.11852e-09
3.42914e-01,4.64048e-11,1.33139e-09
3.48929e-01,5.51529e-11,1.58515e-09
3.54943e-01,6.55696e-11,1.88772e-09
3.60957e-01,7.79762e-11,2.24856e-09
3.66971e-01,9.27559e-11,2.67897e-09
3.72986e-01,1.10367e-10,3.19245e-09
3.79000e-01,1.31355e-10,3.80515e-09
3.85014e-01,1.56374e-10,4.53636e-09
3.91029e-01,1.86205e-10,5.40916e-09
3.97043e-01,2.21778e-10,6.45113e-09
4.03057e-01,2.64207e-10,7.69526e-09
4.09071e-01,3.14824e-10,9.18100e-09
4.15086e-01,3.75220e-10,1.09556e-08
4.21100e-01,4.47295e-10,1.30754e-08
4.27114e-01,5.33324e-10,1.56080e-08
4.33129e-01,6.36026e-10,1.86343e-08
4.39143e-01,7.58650e-10,2.22509e-08
4.45157e-01,9.05087e-10,2.65737e-08
4.51171e-01,1.07999e-09,3.17411e-08
4.57186e-01,1.28891e-09,3.79190e-08
4.63200e-01,1.53852e-09,4.53059e-08
4.69214e-01,1.83677e-09,5.41397e-08
4.75229e-01,2.19321e-09,6.47048e-08
4.81243e-01,2.61923e-09,7.73422e-08
4.87257e-01,3.12849e-09,9.24601e-08
4.93271e-01,3.73733e-09,1.10547e-07
4.99286e-01,4.46533e-09,1.32190e-07
5.05300e-01,5.33591e-09,1.58089e-07
5.11314e-01,6.37712e-09,1.89085e-07
5.17329e-01,7.62255e-09,2.26185e-07
5.23343e-01,9.11244e-09,2.70597e-07
5.29357e-01,1.08950e-08,3.23765e-07
5.35371e-01,1.30279e-08,3.87423e-07
5.41386e-01,1.55803e-08,4.63647e-07
5.47400e-01,1.86350e-08,5.54928e-07
5.53414e-01,2.22914e-08,6.64248e-07
5.59429e-01,2.66683e-08,7.95184e-07
5.65443e-01,3.19082e-08,9.52026e-07
5.71457e-01,3.81819e-08,1.13991e-06
5.77471e-01,4.56942e-08,1.36501e-06
5.83486e-01,5.46903e-08,1.63471e-06
5.89500e-01,6.54644e-08,1.95787e-06
5.95514e-01,7.83690e-08,2.34512e-06
6.01529e-01,9.38266e-08,2.80920e-06
6.07543e-01,1.12344e-07,3.36541e-06
6.13557e-01,1.34529e-07,4.03208e-06
6.19571e-01,1.61109e-07,4.83119e-06
6.25586e-01,1.92959e-07,5.78911e-06
6.31600e-01,2.31125e-07,6.93748e-06
6.37614e-01,2.76864e-07,8.31426e-06
6.43629e-01,3.31682e-07,9.96494e-06
6.49643e-01,3.97386e-07,1.19441e-05
6.55657e-01,4.76142e-07,1.43174e-05
6.61671e-01,5.70550e-07,1.71632e-05
6.67686e-01,6.83725e-07,2.05758e-05
6.73700e-01,8.19408e-07,2.46683e-05
6.79714e-01,9.82083e-07,2.95763e-05
6.85729e-01,1.17713e-06,3.54625e-05
6.91743e-01,1.41099e-06,4.25219e-05
6.97757e-01,1.69142e-06,5.09885e-05
7.03771e-01,2.02769e-06,6.11430e-05
7.09786e-01,2.43094e-06,7.33218e-05
7.15800e-01,2.91451e-06,8.79283e-05
7.21814e-01,3.49442e-06,1.05446e-04
7.27829e-01,4.18987e-06,1.26455e-04
7.33843e-01,5.02387e-06,1.51650e-04
7.39857e-01,6.02404e-06,1.81863e-04
7.45871e-01,7.22347e-06,2.18091e-04
7.51886e-01,8.66180e-06,2.61528e-04
7.57900e-01,1.03866e-05,3.13604e-04
7.63914e-01,1.24547e-05,3.76028e-04
7.69929e-01,1.49345e-05,4.50847e-04
7.75943e-01,1.79075e-05,5.40505e-04
7.81957e-01,2.14715e-05,6.47926e-04
7.87971e-01,2.57437e-05,7.76597e-04
7.93986e-01,3.08638e-05,9.30681e-04
8.00000e-01,3.69992e-05,1.11514e-03
8.03008e-01,4.05092e-05,1.22058e-03
8.06015e-01,4.43510e-05,1.33592e-03
8.09023e-01,4.85557e-05,1.46207e-03
8.12030e-01,5.31572e-05,1.60003e-03
8.15038e-01,5.81928e-05,1.75089e-03
8.18045e-01,6.37030e-05,1.91583e-03
8.21053e-01,6.97320e-05,2.09614e-03
8.24060e-01,7.63282e-05,2.29324e-03
8.27068e-01,8.35443e-05,2.50864e-03
8.30075e-01,9.14378e-05,2.74401e-03
8.33083e-01,1.00071e-04,3.00116e-03
8.36090e-01,1.09514e-04,3.28206e-03
8.39098e-01,1.19839e-04,3.58882e-03
8.42105e-01,1.31129e-04,3.92378e-03
8.45113e-01,1.43472e-04,4.28943e-03
8.48120e-01,1.56963e-04,4.68850e-03
8.51128e-01,1.71709e-04,5.12394e-03
8.54135e-01,1.87824e-04,5.59895e-03
8.57143e-01,2.05430e-04,6.11696e-03
8.60150e-01,2.24664e-04,6.68171e-03
8.63158e-01,2.45672e-04,7.29723e-03
8.66165e-01,2.68613e-04,7.96786e-03
8.69173e-01,2.93659e-04,8.69829e-03
8.72180e-01,3.20998e-04,9.49356e-03
8.75188e-01,3.50834e-04,1.03591e-02
8.78195e-01,3.83385e-04,1.13007e-02
8.81203e-01,4.18890e-04,1.23247e-02
8.84211e-01,4.57607e-04,1.34377e-02
8.87218e-01,4.99815e-04,1.46468e-02
8.90226e-01,5.45813e-04,1.59599e-02
8.93233e-01,5.95926e-04,1.73850e-02
8.96241e-01,6.50505e-04,1.89308e-02
8.99248e-01,7.09926e-04,2.06065e-02
9.02256e-01,7.74594e-04,2.24221e-02
9.05263e-01,8.44946e-04,2.43878e-02
9.08271e-01,9.21450e-04,2.65148e-02
9.11278e-01,1.00461e-03,2.88145e-02
9.14286e-01,1.09496e-03,3.12991e-02
9.17293e-01,1.19307e-03,3.39815e-02
9.20301e-01,1.29957e-03,3.68750e-02
9.23308e-01,1.41510e-03,3.99937e-02
9.26316e-01,1.54037e-03,4.33520e-02
9.29323e-01,1.67612e-03,4.69650e-02
9.32331e-01,1.82314e-03,5.08484e-02
9.35338e-01,1.98226e-03,5.50181e-02
9.38346e-01,2.15438e-03,5.94906e-02
9.41353e-01,2.34042e-03,6.42827e-02
9.44361e-01,2.54138e-03,6.94116e-02
9.47368e-01,2.75829e-03,7.48944e-02
9.50376e-01,2.99224e-03,8.07485e-02
9.53383e-01,3.24438e-03,8.69913e-02
9.56391e-01,3.51591e-03,9.36401e-02
9.59398e-01,3.80806e-03,1.00712e-01
9.62406e-01,4.12213e-03,1.08223e-01
9.65414e-01,4.45948e-03,1.16190e-01
9.68421e-01,4.82149e-03,1.24628e-01
9.71429e-01,5.20960e-03,1.33551e-01
9.74436e-01,5.62530e-03,1.42973e-01
9.77444e-01,6.07011e-03,1.52907e-01
9.80451e-01,6.54557e-03,1.63364e-01
9.83459e-01,7.05328e-03,1.74353e-01
9.86466e-01,7.59485e-03,1.85881e-01
9.89474e-01,8.17191e-03,1.97956e-01
9.92481e-01,8.78612e-03,2.10581e-01
9.95489e-01,9.43912e-03,2.23759e-01
9.98496e-01,1.01326e-02,2.37489e-01
1.00150e+00,1.08682e-02,2.51768e-01
1.00451e+00,1.16475e-02,2.66592e-01
1.00752e+00,1.24723e-02,2.81954e-01
1.01053e+00,1.33440e-02,2.97843e-01
1.01353e+00,1.42643e-02,3.14247e-01
1.01654e+00,1.52347e-02,3.31151e-01
1.01955e+00,1.62567e-02,3.48539e-01
1.02256e+00,1.73317e-02,3.66389e-01
1.02556e+00,1.84610e-02,3.84680e-01
1.02857e+00,1.96459e-02,4.03387e-01
1.03158e+00,2.08878e-02,4.22484e-01
1.03459e+00,2.21876e-02,4.41942e-01
1.03759e+00,2.35464e-02,4.61731e-01
1.04060e+00,2.49652e-02,4.81818e-01
1.04361e+00,2.64448e-02,5.02170e-01
1.04662e+00,2.79860e-02,5.22753e-01
1.04962e+00,2.95894e-02,5.43530e-01
1.05263e+00,3.12555e-02,5.64464e-01
1.05564e+00,3.29848e-02,5.85520e-01
1.05865e+00,3.47775e-02,6.06658e-01
1.06165e+00,3.66339e-02,6.27843e-01
1.06466e+00,3.85540e-02,6.49035e-01
1.06767e+00,4.05378e-02,6.70197e-01
1.07068e+00,4.25852e-02,6.91293e-01
1.07368e+00,4.46959e-02,7.12287e-01
1.07669e+00,4.68695e-02,7.33143e-01
1.07970e+00,4.91056e-02,7.53828e-01
1.08271e+00,5.14036e-02,7.74307e-01
1.08571e+00,5.37629e-02,7.94550e-01
1.08872e+00,5.61826e-02,8.14525e-01
1.09173e+00,5.86620e-02,8.34205e-01
1.09474e+00,6.12000e-02,8.53561e-01
1.09774e+00,6.37958e-02,8.72568e-01
1.10075e+00,6.64482e-02,8.91203e-01
1.10376e+00,6.91560e-02,9.09444e-01
1.10677e+00,7.19181e-02,9.27269e-01
1.10977e+00,7.47332e-02,9.44661e-01
1.11278e+00,7.75998e-02,9.61603e-01
1.11579e+00,8.05168e-02,9.78080e-01
1.11880e+00,8.34825e-02,9.94080e-01
1.12180e+00,8.64957e-02,1.00959e+00
1.12481e+00,8.95548e-02,1.02460e+00
1.12782e+00,9.26582e-02,1.03910e+00
1.13083e+00,9.58045e-02,1.05310e+00
1.13383e+00,9.89921e-02,1.06657e+00
1.13684e+00,1.02219e-01,1.07952e+00
1.13985e+00,1.05485e-01,1.09194e+00
1.14286e+00,1.08787e-01,1.10385e+00
1.14586e+00,1.12124e-01,1.11523e+00
1.14887e+00,1.15495e-01,1.12608e+00
1.15188e+00,1.18897e-01,1.13642e+00
1.15489e+00,1.22330e-01,1.14624e+00
1.15789e+00,1.25791e-01,1.15555e+00
1.16090e+00,1.29280e-01,1.16436e+00
1.16391e+00,1.32794e-01,1.17266e+00
1.16692e+00,1.36333e-01,1.18048e+00
1.16992e+00,1.39894e-01,1.18781e+00
1.17293e+00,1.43477e-01,1.19466e+00
1.17594e+00,1.47080e-01,1.20105e+00
1.17895e+00,1.50701e-01,1.20699e+00
1.18195e+00,1.54340e-01,1.21247e+00
1.18496e+00,1.57994e-01,1.21752e+00
1.18797e+00,1.61663e-01,1.22214e+00
1.19098e+00,1.65345e-01,1.22635e+00
1.19398e+00,1.69039e-01,1.23015e+00
1.19699e+00,1.72744e-01,1.23356e+00
1.20000e+00,1.76458e-01,1.23659e+00
1.21654e+00,1.97012e-01,1.24689e+00
1.23308e+00,2.17657e-01,1.24782e+00
1.24962e+00,2.38252e-01,1.24112e+00
1.26617e+00,2.58683e-01,1.22839e+00
1.28271e+00,2.78864e-01,1.21098e+00
1.29925e+00,2.98727e-01,1.19006e+00
1.31579e+00,3.18220e-01,1.16656e+00
1.33233e+00,3.37310e-01,1.14126e+00
1.34887e+00,3.55970e-01,1.11476e+00
1.36541e+00,3.74185e-01,1.08752e+00
1.39850e+00,4.09250e-01,1.03225e+00
1.43158e+00,4.42489e-01,9.77419e-01
1.46466e+00,4.73938e-01,9.24126e-01
1.53083e+00,5.31723e-01,8.24093e-01
1.59699e+00,5.83205e-01,7.33685e-01
1.66316e+00,6.29019e-01,6.52643e-01
1.72932e+00,6.69760e-01,5.80230e-01
1.79549e+00,7.05973e-01,5.15628e-01
1.86165e+00,7.38149e-01,4.58059e-01
1.92782e+00,7.66728e-01,4.06802e-01
1.99398e+00,7.92106e-01,3.61203e-01
2.06015e+00,8.14637e-01,3.20667e-01
2.12632e+00,8.34640e-01,2.84654e-01
2.19248e+00,8.52395e-01,2.52679e-01
2.25865e+00,8.68156e-01,2.24300e-01
2.32481e+00,8.82147e-01,1.99123e-01
2.39098e+00,8.94569e-01,1.76793e-01
2.45714e+00,9.05598e-01,1.56992e-01
2.52331e+00,9.15393e-01,1.39434e-01
2.58947e+00,9.24094e-01,1.23868e-01
2.65564e+00,9.31824e-01,1.10066e-01
2.72180e+00,9.38693e-01,9.78283e-02
2.78797e+00,9.44800e-01,8.69759e-02
2.85414e+00,9.50230e-01,7.73504e-02
2.92030e+00,9.55060e-01,6.88115e-02
2.98647e+00,9.59357e-01,6.12348e-02
3.05263e+00,9.63182e-01,5.45101e-02
3.11880e+00,9.66587e-01,4.85400e-02
3.18496e+00,9.69620e-01,4.32382e-02
3.25113e+00,9.72322e-01,3.85285e-02
3.31729e+00,9.74730e-01,3.43433e-02
3.38346e+00,9.76877e-01,3.06230e-02
3.44962e+00,9.78791e-01,2.73149e-02
3.51579e+00,9.80499e-01,2.43722e-02
3.58195e+00,9.82024e-01,2.17537e-02
3.64812e+00,9.83384e-01,1.94229e-02
3.71429e+00,9.84600e-01,1.73473e-02
3.78045e+00,9.85685e-01,1.54985e-02
3.84662e+00,9.86655e-01,1.38511e-02
3.91278e+00,9.87522e-01,1.23826e-02
3.97895e+00,9.88297e-01,1.10732e-02
4.04511e+00,9.88990e-01,9.90518e-03
4.11128e+00,9.89611e-01,8.86303e-03
4.17744e+00,9.90166e-01,7.93286e-03
4.24361e+00,9.90663e-01,7.10238e-03
4.30977e+00,9.91107e-01,6.36067e-03
4.37594e+00,9.91506e-01,5.69806e-03
4.44211e+00,9.91863e-01,5.10594e-03
4.50827e+00,9.92183e-01,4.57666e-03
4.57444e+00,9.92470e-01,4.10344e-03
4.64060e+00,9.92727e-01,3.68023e-03
4.70677e+00,9.92958e-01,3.30165e-03
4.77293e+00,9.93165e-01,2.96293e-03
4.83910e+00,9.93351e-01,2.65981e-03
4.90526e+00,9.93518e-01,2.38850e-03
4.97143e+00,9.93667e-01,2.14562e-03
5.03759e+00,9.93802e-01,1.92817e-03
5.10376e+00,9.93923e-01,1.73346e-03
5.16992e+00,9.94032e-01,1.55911e-03
5.23609e+00,9.94130e-01,1.40299e-03
5.30226e+00,9.94218e-01,1.26319e-03
5.36842e+00,9.94297e-01,1.13803e-03
5.43459e+00,9.94369e-01,1.02598e-03
5.50075e+00,9.94433e-01,9.25714e-04
5.56692e+00,9.94492e-01,8.36014e-04
5.63308e+00,9.94544e-01,7.55811e-04
5.69925e+00,9.94592e-01,6.84148e-04
5.76541e+00,9.94635e-01,6.20171e-04
5.83158e+00,9.94674e-01,5.63122e-04
5.89774e+00,9.94710e-01,5.12321e-04
5.96391e+00,9.94742e-01,4.67167e-04
6.03008e+00,9.94772e-01,4.27122e-04
6.09624e+00,9.94799e-01,3.91711e-04
6.16241e+00,9.94823e-01,3.60512e-04
6.22857e+00,9.94846e-01,3.33150e-04
6.29474e+00,9.94868e-01,3.09296e-04
6.36090e+00,9.94887e-01,2.88660e-04
6.42707e+00,9.94906e-01,2.70988e-04
6.49323e+00,9.94923e-01,2.56060e-04
6.55940e+00,9.94940e-01,2.43684e-04
6.62556e+00,9.94956e-01,2.33696e-04
6.69173e+00,9.94971e-01,2.25960e-04
6.75789e+00,9.94986e-01,2.20359e-04
6.82406e+00,9.95000e-01,2.16802e-04
6.89023e+00,9.95014e-01,2.15216e-04
6.95639e+00,9.95029e-01,2.15549e-04
7.02256e+00,9.95043e-01,2.17767e-04
7.08872e+00,9.95057e-01,2.21853e-04
7.15489e+00,9.95072e-01,2.27810e-04
7.22105e+00,9.95088e-01,2.35654e-04
7.28722e+00,9.95103e-01,2.45421e-04
7.35338e+00,9.95120e-01,2.57164e-04
7.41955e+00,9.95138e-01,2.70949e-04
7.48571e+00,9.95156e-01,2.86865e-04
7.55188e+00,9.95176e-01,3.05014e-04
7.61805e+00,9.95196e-01,3.25519e-04
7.68421e+00,9.95219e-01,3.48520e-04
7.75038e+00,9.95243e-01,3.74179e-04
7.81654e+00,9.95268e-01,4.02679e-04
7.88271e+00,9.95296e-01,4.34225e-04
7.94887e+00,9.95326e-01,4.69044e-04
8.01504e+00,9.95358e-01,5.07393e-04
8.08120e+00,9.95393e-01,5.49553e-04
8.14737e+00,9.95431e-01,5.95835e-04
8.21353e+00,9.95472e-01,6.46583e-04
8.27970e+00,9.95517e-01,7.02176e-04
8.34586e+00,9.95565e-01,7.63028e-04
8.41203e+00,9.95618e-01,8.29597e-04
8.47820e+00,9.95675e-01,9.02383e-04
8.54436e+00,9.95737e-01,9.81933e-04
8.61053e+00,9.95805e-01,1.06885e-03
8.67669e+00,9.95879e-01,1.16379e-03
8.74286e+00,9.95959e-01,1.26747e-03
8.80902e+00,9.96047e-01,1.38069e-03
8.87519e+00,9.96142e-01,1.50429e-03
8.94135e+00,9.96246e-01,1.63923e-03
9.00752e+00,9.96359e-01,1.78654e-03
9.07368e+00,9.96483e-01,1.94734e-03
9.13985e+00,9.96617e-01,2.12286e-03
9.20602e+00,9.96764e-01,2.31445e-03
9.27218e+00,9.96924e-01,2.52358e-03
9.33835e+00,9.97098e-01,2.75187e-03
9.40451e+00,9.97289e-01,3.00108e-03
9.47068e+00,9.97496e-01,3.27313e-03
9.53684e+00,9.97722e-01,3.57013e-03
9.60301e+00,9.97969e-01,3.89439e-03
9.66917e+00,9.98238e-01,4.24844e-03
9.73534e+00,9.98532e-01,4.63503e-03
9.80150e+00,9.98852e-01,5.05719e-03
9.86767e+00,9.99202e-01,5.51823e-03
9.93383e+00,9.99584e-01,6.02179e-03
1.00000e+01,1.00000e+00,6.57182e-03
