idx,a_pot,b_pot,numerically_stable,w0_cpl_latetime,wa_cpl_latetime,chi2_bao,s_fit_bao,chi2_sn,offset_fit_sn,n_sn,chi2_total
-1,1.0,0.01,True,-1.0010306567238916,0.006235546120819,5133.8307051648835,0.061902682019579394,1319.415755176843,42.933434036256976,1590,6453.246460341727
0,0.1777345451702608,0.0191220518318984,False,-1.0,-1.3933121146314252e-16,5163.494851810006,0.06200664359772974,1320.3294319482256,42.93335685557614,1590,6483.824283758232
1,0.0149177536644827,0.0772239067075708,True,-1.000000000126422,6.76520636432135e-10,5163.218934447232,0.0620056768242016,1320.3209535839844,42.933357568369125,1590,6483.539888031216
2,4.012284876012378,0.0001591065228362,False,-0.346511967166338,0.5408655570839359,196.18608045080424,0.028217784473089726,835.7918706318397,43.147713520421206,1590,1031.977951082644
3,88.00325802517375,0.0059557509615917,False,-1.002792885820632,0.0164796259208651,5085.492276799299,0.061734948977598146,1317.9963583128688,42.93356634686845,1590,6403.488635112168
4,5.807850053517345,0.0014456097208337,True,-1.0696154350027838,0.8404007103436045,1367.9523603788195,0.04750340923832011,1091.6566890307677,42.95619760123761,1590,2459.609049409587
5,60.72719445700681,0.0008583072173678,False,-0.98224579284915,1.0220294428138808,436.2921042262434,0.04139452174555808,903.1997167423663,42.98599503625804,1590,1339.4918209686098
6,3.2587299088548174,0.0086761413681711,False,-1.0007381472416883,0.0045114714682305,5142.134558855914,0.06193150341072641,1319.6611098189248,42.93341421295171,1590,6461.795668674839
7,8.446254083204295,0.0011328383342818,True,-1.0392472224776066,0.9691668300611658,775.6104575802162,0.044214922016691444,999.0748743138588,42.969484567412046,1590,1774.685331894075
8,9.428713158389709,0.0279439677610661,True,-1.0000000878787536,5.635074077153825e-07,5163.492024455309,0.062006633640149904,1320.329343166775,42.933356863215955,1590,6483.821367622084
9,11.994949529918651,0.0001251199004515,False,-0.304236208974305,0.4862131103613374,247.69840410698498,0.027493440517003285,878.6547656974044,43.17128246074801,1590,1126.3531698043894
10,46.754641756922304,0.002277288910828,True,-1.0511664972790298,0.3809753171028591,3338.5469000101684,0.05550377172824098,1246.5934366672757,42.940139179797384,1590,4585.140336677444
11,21.75361111020322,0.6693860628087374,True,-0.9999999999999992,-4.615862647747587e-16,5163.494851810006,0.06200664359772974,1320.3294319482256,42.93335685557614,1590,6483.824283758232
12,0.0647023375046115,0.0017985183037171,True,-1.0000000000000002,-1.9587044377034254e-16,5163.494851779924,0.06200664359762434,1320.3294319473036,42.93335685557623,1590,6483.824283727227
13,3.29992793490815,0.0096163551274905,True,-1.0004677809429967,0.002749918133385,5150.801118399687,0.06196232383255866,1319.9465200247955,42.933389546868945,1590,6470.747638424482
14,0.0506460523201393,0.0108952610258306,True,-1.0000000000000009,3.2867494863064224e-15,5163.494850758043,0.06200664359404363,1320.3294319159377,42.93335685557888,1590,6483.824282673981
15,0.1762659622445649,0.4007672152857972,False,-1.0,3.526213452651616e-16,5163.494851810006,0.06200664359772974,1320.3294319482256,42.93335685557614,1590,6483.824283758232
16,0.0183324636390377,0.0224670572126787,True,-1.0000000000282063,1.4510738375223078e-10,5163.439565108745,0.062006449880775465,1320.3277337746192,42.93335699848966,1590,6483.767298883365
17,54.99523320392449,0.0957736280057592,True,-1.0000000000000029,1.5203566570741394e-14,5163.494851809925,0.06200664359772946,1320.3294319482245,42.93335685557614,1590,6483.82428375815
18,1.215615633041143,0.5920469766028854,True,-1.0,6.039483607944417e-16,5163.494851810006,0.06200664359772974,1320.3294319482256,42.93335685557614,1590,6483.824283758232
19,6.566955429967111,0.6469778133494835,True,-0.9999999999999998,2.150310916626759e-16,5163.494851810006,0.06200664359772974,1320.3294319482256,42.93335685557614,1590,6483.824283758232
20,9.658581586666571,0.0923080456527784,True,-1.000000000000012,7.69620358424661e-14,5163.494851809639,0.06200664359772846,1320.3294319482102,42.93335685557614,1590,6483.824283757849
21,0.0118317488070708,0.0004238332337249,True,-1.000000000498625,2.9217792107220503e-09,5162.100362348574,0.06200175750760591,1320.2865919192543,42.93336045968811,1590,6482.3869542678285
22,7.263279405966254,0.0001208956748215,True,-0.2913731584571355,0.4743114639414629,248.0710499808406,0.02744774912163451,890.0955028135447,43.170193773928894,1590,1138.1665527943853
23,0.2311926112427955,0.0010203188373413,True,-1.0,-5.942105192945479e-16,5163.494851810006,0.06200664359772974,1320.3294319482256,42.93335685557614,1590,6483.824283758232
24,0.4207867012482491,0.5380104459620628,True,-0.9999999999999998,-5.84226091548253e-16,5163.494851810006,0.06200664359772974,1320.3294319482256,42.93335685557614,1590,6483.824283758232
25,0.335323419621945,0.0519128245566229,False,-0.9999999999986772,1.855795106552765e-12,5163.494851777656,0.06200664359756517,1320.3294319438583,42.933356855576676,1590,6483.824283721514
26,36.24318408595733,0.0020323827433083,True,-1.0695286477308186,0.5114695135694713,2884.607844061198,0.05382327292983969,1221.0262180081706,42.942506341365245,1590,4105.634062069369
27,0.018793079977764,0.2200395929088384,False,-1.0000000000179328,9.912891026532868e-11,5163.449810242432,0.06200648577809796,1320.3280484931865,42.93335697201739,1590,6483.777858735619
28,0.3867727069976515,0.1485515366558648,True,-1.0,-7.726403089421976e-17,5163.494851810003,0.06200664359772973,1320.3294319482256,42.93335685557614,1590,6483.824283758228
29,0.0311652346928415,0.0026219227921802,True,-1.0000000000001374,7.912499265057814e-13,5163.494474771852,0.06200664227662637,1320.3294203662624,42.93335685655132,1590,6483.8238951381145
30,4.453065868435612,0.0001002339381416,True,-0.2326995772489356,0.3612520141850278,288.29059590061416,0.026952575428556745,953.18793419344,43.1737963341793,1590,1241.4785300940541
31,0.1471871602693935,0.0285919104262058,True,-1.0,-2.880133602908755e-16,5163.494851810006,0.06200664359772974,1320.3294319482256,42.93335685557614,1590,6483.824283758232
32,1.84288206505031,0.0078858143028221,True,-1.0017792483428147,0.0105343513384035,5114.677640311167,0.06183572159337556,1318.8371066533734,42.933481075451446,1590,6433.514746964541
33,2.852804762207059,0.0032458634885923,True,-1.0353242994026832,0.2311308190741013,4079.6574466966185,0.05819845361762801,1281.7077552314001,42.93664874883274,1590,5361.365201928019
34,4.344727187130241,0.0013525275902275,True,-1.0594531060405974,0.8902767558033063,1106.1937800718847,0.04619470221907596,1056.6983958380147,42.96042484238883,1590,2162.8921759098994
35,0.0270074272496656,0.0053431687374751,False,-1.0000000000006604,3.634369506819829e-12,5163.493197270004,0.06200663780039952,1320.3293811475078,42.93335685985693,1590,6483.822578417512
36,0.0494299221169302,0.0311931682395577,True,-0.9999999999999998,3.227942669723685e-15,5163.49485034713,0.062006643592603744,1320.3294319033353,42.933356855579945,1590,6483.824282250465
37,28.86381113622846,0.0021097556540918,True,-1.0621934925032144,0.4669115391562481,2999.3376613816417,0.054269486994896615,1228.5238700561767,42.94165499358166,1590,4227.8615314378185
38,7.919979301007719,0.0005766286480588,False,-0.8384987711327184,1.0649817640351729,38.68332284192274,0.03617210083673511,742.1064430156775,43.02644053540326,1590,780.7897658576003
39,0.1486163002538884,0.0002815025135191,True,-1.0000000000000002,-7.427344435082216e-17,5163.494851810006,0.06200664359772974,1320.3294319482256,42.93335685557614,1590,6483.824283758232
40,4.867867797860247,0.2694675687055665,True,-1.0000000000000004,2.787739625877258e-16,5163.494851810006,0.06200664359772974,1320.3294319482256,42.93335685557614,1590,6483.824283758232
41,86.51935341530911,0.2088720218998039,False,-0.9999999999999996,-2.386720896981796e-16,5163.494851810006,0.06200664359772974,1320.3294319482256,42.93335685557614,1590,6483.824283758232
42,83.07812691885299,0.0083454382305335,True,-1.0004417851905438,0.0027909207578662,5149.829536595858,0.06195851782392064,1319.8935195200265,42.93339595123599,1590,6469.723056115885
43,18.860646805417048,0.0014647627885713,False,-1.0736598429881683,0.7936825984774809,1603.793051420058,0.04854297957295024,1114.719020722609,42.953331824243236,1590,2718.512072142667
44,0.0177162463144777,0.064260975935947,True,-1.000000000035855,1.872552465119941e-10,5163.4218265587915,0.06200638772978363,1320.3271886707269,42.93335704431299,1590,6483.749015229519
45,10.209306310996077,0.0001511085815347,False,-0.3466873034871456,0.5375366850795135,209.9201346205855,0.028075543331508267,829.9423529162734,43.15700256261146,1590,1039.862487536859
46,2.0930569112087327,0.0057160991075908,True,-1.0063538698902537,0.0388739123837132,4975.967669111084,0.061350908784359275,1314.49929439486,42.93386952809593,1590,6290.4669635059445
47,99.48217847432096,0.0272721965590701,True,-1.0000000561167757,3.8828942601882846e-07,5163.492837930569,0.06200663640108047,1320.3293645041242,42.93335686188493,1590,6483.822202434693
48,0.1532809089722679,0.0004432520407451,True,-1.0000000000000004,5.295985903876864e-16,5163.494851810006,0.06200664359772974,1320.3294319482256,42.93335685557614,1590,6483.824283758232
49,0.100343619484349,0.0001851798720056,True,-0.9999999999999994,-8.00390477846632e-16,5163.494851809991,0.062006643597729685,1320.3294319482256,42.93335685557614,1590,6483.824283758217
50,22.129007678272156,0.0008184728253287,True,-0.9735262255921768,1.071184169101735,307.7185904680202,0.04044437105209202,872.6545155441203,42.98893760943519,1590,1180.3731060121404
51,17.156461462951267,0.4888178049243812,True,-0.9999999999999994,-5.257347247673504e-16,5163.494851810006,0.06200664359772974,1320.3294319482256,42.93335685557614,1590,6483.824283758232
52,11.348224148429024,0.0599035097503104,True,-1.0000000000119469,7.114137457926191e-11,5163.494851469477,0.06200664359654724,1320.3294319383208,42.933356855577024,1590,6483.824283407797
53,45.11442870346816,0.000211006867963,True,-0.4599246327560229,0.6805793220082588,126.90196261804101,0.029561652734789307,743.082878613173,43.123405385324986,1590,869.984841231214
54,0.0788279761102622,0.0149533074718499,True,-1.0,8.635379597707411e-16,5163.494851808784,0.062006643597725467,1320.3294319481893,42.93335685557615,1590,6483.824283756973
55,0.8256776734465003,0.1612858052060717,True,-1.000000000000005,4.5476123091685614e-14,5163.494851809742,0.06200664359772878,1320.3294319482152,42.93335685557614,1590,6483.824283757956
56,11.135593628249564,0.0012804839429902,True,-1.0589480578671973,0.8931024524580261,1114.3021162670939,0.0461680225132673,1055.0315570901207,42.961370983293854,1590,2169.3336733572146
57,58.04985016303413,0.0028280608049873,True,-1.03547256878835,0.2350701046103528,4056.1246741484138,0.058100261112623286,1280.7006769441477,42.93693983019184,1590,5336.8253510925615
58,2.9550899557686217,0.007503869035698,False,-1.0015983156340749,0.0097561763579026,5116.037745085031,0.061840541505896914,1318.880777445645,42.933476104545285,1590,6434.918522530676
59,0.0638389676986405,0.0759865698496103,False,-0.9999999999999996,-4.100987448506287e-16,5163.494851773034,0.06200664359760018,1320.3294319470888,42.93335685557624,1590,6483.824283720122
60,0.0858990234063713,0.0046294174760817,False,-1.0000000000000004,5.33756889641929e-16,5163.494851809733,0.0620066435977288,1320.3294319482172,42.93335685557614,1590,6483.82428375795
61,15.582082891540352,0.0392290074388261,True,-1.0000000018745878,1.2291447260796969e-08,5163.494788934794,0.06200664337615615,1320.329429917168,42.93335685574997,1590,6483.824218851962
62,49.177857006685976,0.0016445722300602,True,-1.0730530537031049,0.6738824528996618,2084.3944762048104,0.050644470571786046,1163.33161451789,42.94878941321581,1590,3247.7260907227005
63,0.2232185524248181,0.0013087603707914,True,-1.0,-9.23073355633346e-16,5163.494851810006,0.06200664359772974,1320.3294319482256,42.93335685557614,1590,6483.824283758232
64,0.9702682372744452,0.7688499745663747,True,-0.9999999999999216,6.133160455288951e-14,5163.494851808437,0.06200664359772145,1320.3294319480028,42.93335685557618,1590,6483.824283756439
65,0.8837177579592785,0.0005892063417364,True,-0.7260277209862988,0.9832172990909704,13.191339883123861,0.0337738613162778,692.4485040829834,43.0513253898305,1590,705.6398439661073
66,0.4976235865641337,0.2286082077164206,True,-0.9999999999994512,5.95905240481883e-13,5163.494851797812,0.06200664359766663,1320.329431946522,42.933356855576356,1590,6483.824283744334
67,8.248379386573074,0.0049452115200278,True,-1.007428000853864,0.0452603032731978,4949.726489385366,0.06125719989718901,1313.5981316086625,42.93394210638286,1590,6263.324620994029
68,0.0116319666222532,0.1420330714619215,False,-1.000000000415452,2.7320118091261804e-09,5161.935439458457,0.06200117965459524,1320.2815216867666,42.93336088614351,1590,6482.216961145224
69,1.3584921949907875,0.2051124932517982,True,-0.9999999999999996,-4.117233622071867e-16,5163.494851810006,0.06200664359772974,1320.3294319482256,42.93335685557614,1590,6483.824283758232
70,0.1200781821050294,0.0113972073732869,True,-1.0000000000000002,7.413727352834285e-16,5163.494851810003,0.06200664359772973,1320.3294319482256,42.93335685557614,1590,6483.824283758228
71,41.37858996978177,0.0007711670894447,True,-0.9550687031750136,1.0624678230760989,253.1157151150272,0.039858568196254905,855.6566299711604,42.99425211970359,1590,1108.7723450861877
72,0.102896084686604,0.000899340182091,False,-1.0,-1.0734819859594717e-15,5163.494851809995,0.06200664359772971,1320.3294319482256,42.93335685557614,1590,6483.824283758221
73,52.084979074400536,0.0679352417649909,True,-1.000000000001254,6.988785284921657e-12,5163.494851778962,0.06200664359762298,1320.3294319473944,42.933356855576214,1590,6483.824283726356
74,11.847093647138877,0.0001123005439933,True,-0.2764074963328849,0.4459520293825129,267.7689728065092,0.027212414371909827,906.6737896167269,43.17791379576514,1590,1174.4427624232362
75,71.90175957802083,0.0041701434362671,True,-1.012008218848068,0.0719197240728183,4826.160189157516,0.060831806327845475,1309.8773291109019,42.93429046124531,1590,6136.037518268417
76,3.648337265302968,0.9475129115995138,True,-1.0,-2.1895009394844299e-16,5163.494851810006,0.06200664359772974,1320.3294319482256,42.93335685557614,1590,6483.824283758232
77,0.3200928384175641,0.1795861860754548,True,-1.0000000000000002,-6.566665419691661e-16,5163.494851810006,0.06200664359772974,1320.3294319482256,42.93335685557614,1590,6483.824283758232
78,0.1650569874858765,0.101083985056101,True,-1.0,2.044685880972969e-16,5163.494851810006,0.06200664359772974,1320.3294319482256,42.93335685557614,1590,6483.824283758232
79,0.3320176606587444,0.0002909140644669,True,-0.999999999819535,4.866250948523597e-12,5163.494849194458,0.06200664358277512,1320.3294314753239,42.933356855636525,1590,6483.824280669782
80,0.09695785923734,0.1476916419635986,True,-0.9999999999999998,-5.62357382046717e-16,5163.494851809975,0.06200664359772966,1320.3294319482254,42.93335685557614,1590,6483.824283758201
81,22.771372760200336,0.1185883353127306,True,-1.0000000000000002,9.777804785849488e-16,5163.494851810003,0.06200664359772973,1320.3294319482256,42.93335685557614,1590,6483.824283758228
82,0.2824419550410777,0.0019173558477763,True,-0.9999999999997752,4.757504818003635e-13,5163.494851803338,0.06200664359769693,1320.3294319473996,42.93335685557624,1590,6483.824283750738
83,0.0101411913604713,0.0131500163531719,True,-1.0000000009870422,6.4563386015486836e-09,5159.786264107003,0.061993649346655744,1320.2154512182615,42.93336644104776,1590,6480.001715325265
84,0.2538451139367327,0.0002362297375829,True,-1.0000000000000002,4.787115064647734e-16,5163.494851810005,0.06200664359772973,1320.3294319482256,42.93335685557614,1590,6483.82428375823
85,5.059127529658304,0.0011699612915,True,-1.0408491242640106,0.9676213322020616,805.9112825659653,0.044346745714742494,999.9659820901305,42.96770869273844,1590,1805.8772646560958
86,57.40045054290884,0.0098384512374678,True,-1.0001873044517198,0.001160689019088,5157.731863407813,0.06198642249647052,1320.1526008802011,42.93337255863919,1590,6477.884464288014
87,9.129390456959769,0.2425235411609192,True,-1.0,1.1747697180018072e-17,5163.494851810006,0.06200664359772974,1320.3294319482256,42.93335685557614,1590,6483.824283758232
88,0.5092515204967478,0.0586768827026637,True,-1.0000251669198374,0.0001567209125773,5162.7617540968795,0.06200406180150804,1320.3067632919124,42.93335848275435,1590,6483.068517388792
89,3.8938034217671142,0.0003325205563714,True,-0.5987584718024379,0.8596890028602021,47.357136003666966,0.0315868273281229,691.3192498179594,43.08491674618827,1590,738.6763858216264
90,0.0225156478510114,0.3602548323089079,True,-1.0000000000041291,2.21332573493916e-11,5163.485499307899,0.06200661082752952,1320.3291447348734,42.93335687976543,1590,6483.814644042772
91,0.0105884561107771,0.0517039044293497,True,-1.0000000005683298,4.282570717686997e-09,5160.653041758007,0.061996686398679,1320.2421038523191,42.93336420106226,1590,6480.895145610326
92,0.124026641672728,0.1247736336156607,True,-0.9999999999999992,-1.338044827956568e-15,5163.494851810006,0.06200664359772974,1320.3294319482256,42.93335685557614,1590,6483.824283758232
93,0.3522051972445761,0.5012609870917732,True,-1.0,-6.12884204031906e-16,5163.494851810006,0.06200664359772974,1320.3294319482256,42.93335685557614,1590,6483.824283758232
94,59.53467800105288,0.0294990199806867,True,-1.000000033208325,2.100461968731857e-07,5163.493846874286,0.06200664003390883,1320.3293998444442,42.9333568584805,1590,6483.82324671873
95,0.2493311871863443,0.0075452151793104,True,-1.0,-4.1649319410762645e-16,5163.494851810006,0.06200664359772974,1320.3294319482256,42.93335685557614,1590,6483.824283758232
96,0.7701506617406947,0.0081038997089772,False,-1.0048227217427863,0.0289210432953892,5027.394587023438,0.06153066036691337,1316.0967219753509,42.9336894170813,1590,6343.4913089987895
97,0.615852039010463,0.0001439159814485,False,-0.2209870755577093,0.3748595911346071,318.1181473387018,0.026597531156380347,994.8233368517259,43.1852439057711,1590,1312.9414841904277
98,5.630619263641917,0.00034126906497,False,-0.618797245391151,0.8756242830000068,39.61267162476908,0.031921501173028756,687.9085204081096,43.07740823973499,1590,727.5211920328786
99,0.2300568136590192,0.0005619958683959,True,-0.9999999999999996,-3.261544993246948e-16,5163.494851810006,0.06200664359772974,1320.3294319482256,42.93335685557614,1590,6483.824283758232
100,0.0137502143341866,0.0006627041494303,True,-1.0000000002019214,1.12701760351278e-09,5162.996472432767,0.06200489734520985,1320.3141211367756,42.93335814347513,1590,6483.310593569543
101,2.51923428280066,0.0011130952826108,True,-1.0147924659423144,0.998815726600422,623.1870193456164,0.042941482973631644,951.5530671946287,42.975809532368935,1590,1574.740086540245
102,0.0803617489332864,0.0454244557516827,False,-0.9999999999999996,1.768614352018073e-16,5163.494851809122,0.06200664359772665,1320.3294319481981,42.93335685557615,1590,6483.824283757321
103,14.47854931701272,0.0540683806062248,True,-1.0000000000439495,2.620819215649333e-10,5163.494850562599,0.06200664359338753,1320.3294319107836,42.933356855579405,1590,6483.8242824733825
104,0.0210872447292029,0.0003613973722581,True,-1.0000000000075042,4.0047168468283566e-11,5163.478036676597,0.062006584679714045,1320.3289155945035,42.93335689905694,1590,6483.806952271101
105,0.0193388841915753,0.2752865055486143,True,-1.0000000000148228,8.043308391977419e-11,5163.459409191697,0.06200651940999354,1320.328343447809,42.933356947207116,1590,6483.787752639506
106,3.5931328907282936,0.0001225872097516,True,-0.2702365718843416,0.4116676002288691,256.3625104468058,0.027318949337043534,909.4422513679207,43.16794702428067,1590,1165.8047618147266
107,0.0148238922774483,0.0006007844907818,False,-1.0000000001179807,6.552419472487842e-10,5163.205779013604,0.06200563071475256,1320.320549170186,42.933357602414056,1590,6483.526328183791
108,0.0102943104865951,0.0484654569224077,False,-1.0000000005824277,4.741279334002061e-09,5160.111475014333,0.0619947889104906,1320.2254536928888,42.933365600457144,1590,6480.336928707222
109,13.637520543401758,0.0147269898142084,False,-1.0000196399552082,0.0001156351125564,5162.955229159215,0.06200475858308727,1320.3130864160798,42.93335820343045,1590,6483.268315575295
110,38.71317662981885,0.1520662321009633,False,-1.0000000000000002,7.10596044351536e-17,5163.494851810006,0.06200664359772974,1320.3294319482256,42.93335685557614,1590,6483.824283758232
111,0.0408655919543634,0.0004442536611049,True,-1.0000000000000064,3.6294656635162096e-14,5163.494834920031,0.062006643538548484,1320.3294314295777,42.933356855619856,1590,6483.824266349609
112,2.301059290812953,0.0004672135385686,True,-0.7187252495467394,0.991944093381564,13.66423213624802,0.03355755450773857,690.436683867903,43.059951227864815,1590,704.100916004151
113,15.124209900490238,0.612345309565828,True,-0.9999999999999996,-7.611977234557259e-18,5163.494851810006,0.06200664359772974,1320.3294319482256,42.93335685557614,1590,6483.824283758232
114,6.7928495759552,0.7970626389479377,False,-0.9999999999999998,-6.504085891794259e-16,5163.494851810006,0.06200664359772974,1320.3294319482256,42.93335685557614,1590,6483.824283758232
115,8.157851607798513,0.0004755229248991,True,-0.7609661644998107,1.014587570292918,13.268379725214173,0.034400411417059976,703.9279158455097,43.04553446990719,1590,717.1962955707238
116,0.0520882574712242,0.1031386584545026,True,-1.0000000000000002,2.3036779960239568e-15,5163.494851094692,0.06200664359522321,1320.3294319262816,42.933356855578,1590,6483.824283020974
117,0.1924127691430926,0.959730699333884,False,-1.0000000000000002,-1.0236559454002634e-16,5163.494851810006,0.06200664359772974,1320.3294319482256,42.93335685557614,1590,6483.824283758232
118,0.0112971202077286,0.0019963014438197,True,-1.0000000005979963,3.6702798022653758e-09,5161.610008555917,0.06200003940406114,1320.271518449971,42.93336172701465,1590,6481.8815270058885
119,8.617003855744317,0.0716769050094917,True,-1.0000000000010754,6.2149545952908455e-12,5163.494851781767,0.062006643597631715,1320.3294319474123,42.93335685557621,1590,6483.824283729179
120,24.838012281082108,0.0001346510628426,False,-0.3226683171877075,0.4825957802685036,227.98572165048725,0.02785718797118681,857.3544879114027,43.15558365827046,1590,1085.3402095618899
121,0.0108580477338453,0.0015826172702142,False,-1.0000000006550755,4.299531205978767e-09,5161.0677812294925,0.061998139562693295,1320.2548556784768,42.933363128385864,1590,6481.322636907969
122,0.0256130294510921,0.0010360618267147,False,-1.0000000000012517,6.660740703672964e-12,5163.49206567072,0.062006633835333114,1320.3293463993061,42.93335686278358,1590,6483.821412070026
123,0.1439299528341776,0.3775588635199531,True,-1.0,-1.0181954385801195e-16,5163.494851810006,0.06200664359772974,1320.3294319482256,42.93335685557614,1590,6483.824283758232
124,0.199490498538453,0.0002431164058202,False,-1.0,3.648143871306311e-16,5163.494851810006,0.06200664359772974,1320.3294319482256,42.93335685557614,1590,6483.824283758232
125,0.9516404003292298,0.0870534135347739,True,-1.0000000000056768,3.827102175208652e-11,5163.494851613491,0.06200664359703455,1320.329431942112,42.9333568555766,1590,6483.824283555603
126,0.6689929858354949,0.7207852002683616,False,-0.9999999999999948,7.906812769472344e-15,5163.494851809877,0.06200664359772908,1320.3294319482077,42.93335685557615,1590,6483.824283758085
127,0.0135794491197622,0.0011623861456992,True,-1.0000000002204965,1.2317291249646643e-09,5162.950323413011,0.062004735649684055,1320.3127046847671,42.93335826275809,1590,6483.263028097777
128,0.3971425189037526,0.0288908608792629,True,-0.9998893346686212,-5.494602778999788e-05,5162.31477569607,0.061999248244865274,1320.069434357603,42.93339179674837,1590,6482.384210053673
129,3.809844277685393,0.003993893513064,True,-1.0184099463807268,0.1154096981753385,4618.8691788023225,0.06009618351335191,1302.268127061115,42.93492018367956,1590,5921.137305863437
130,0.4046711583493577,0.0004966054583939,False,-0.1102099151489421,0.2178219959201027,605.3198725775912,0.02514623982385938,1191.3654470163642,43.22860535143675,1590,1796.6853195939555
131,0.1699616205598032,0.833253509038305,False,-1.0000000000000002,2.8952140899336893e-16,5163.494851810006,0.06200664359772974,1320.3294319482256,42.93335685557614,1590,6483.824283758232
132,3.1749493653769547,0.1417872119922966,True,-0.9999999999999996,1.966641862368111e-17,5163.494851810006,0.06200664359772974,1320.3294319482256,42.93335685557614,1590,6483.824283758232
133,43.72326044118471,0.0174130690253093,True,-1.0000044609032697,2.6437470519611555e-05,5163.370344437051,0.062006207744319496,1320.325710431327,42.9333571834641,1590,6483.696054868378
134,0.6869023263596521,0.0001967294356365,True,-0.3084892307616875,0.509899733238442,269.3884832525958,0.02752575875697046,879.7277888584714,43.16133439098741,1590,1149.1162721110672
135,11.658119401177167,0.073537483473064,True,-1.0000000000005107,3.1114620044359137e-12,5163.49485179524,0.062006643597677984,1320.3294319477818,42.933356855576186,1590,6483.824283743022
136,0.6326146357407727,0.0651539797372204,True,-1.0000000177226862,1.196632622721129e-07,5163.49424716405,0.062006641440607614,1320.3294115746266,42.93335685737777,1590,6483.823658738676
137,7.63672397212135,0.0226769457687764,False,-1.0000007374299904,4.49086904843342e-06,5163.473099193292,0.0620065676496969,1320.3287777237997,42.93335691003662,1590,6483.801876917092
138,2.113540555816962,0.1758746293472379,True,-0.9999999999999996,-2.893705801908525e-16,5163.494851810006,0.06200664359772974,1320.3294319482256,42.93335685557614,1590,6483.824283758232
139,14.60550170194727,0.0217499235757839,False,-1.0000008434450085,5.122762331821654e-06,5163.47017671582,0.06200655728564927,1320.3286718418858,42.93335691773822,1590,6483.798848557706
140,0.0201670857086964,0.1815872879220588,True,-1.0000000000120126,6.242585672729356e-11,5163.470055111968,0.06200655671354596,1320.3286704361133,42.93335691969782,1590,6483.798725548081
141,0.6535602727313917,0.1368851593059153,True,-1.0000000000917997,5.079435999498352e-10,5163.494849582298,0.06200664359013347,1320.3294318959215,42.93335685558052,1590,6483.82428147822
142,0.0327814934130959,0.2206427634219771,True,-1.0000000000000546,3.681555285909402e-13,5163.494633858962,0.06200664283403225,1320.3294252508808,42.93335685613973,1590,6483.824059109842
143,26.027807938763782,0.0001079372236467,False,-0.2745127637361847,0.4273093224626541,273.30812936844944,0.027233000154701398,915.312829818527,43.170257599016935,1590,1188.6209591869765
144,13.5624140550089,0.4077916694868191,True,-1.0000000000000004,3.4304510693758597e-16,5163.494851810006,0.06200664359772974,1320.3294319482256,42.93335685557614,1590,6483.824283758232
145,67.76623068673943,0.0034884842055072,True,-1.0215089308738543,0.1320350903235168,4555.673170123164,0.05987564860602333,1300.359167426243,42.93514781197313,1590,5856.032337549406
146,1.7152872451029952,0.1236513146787199,False,-1.0000000000000009,5.8396835448872296e-15,5163.494851809974,0.062006643597729644,1320.3294319482254,42.93335685557614,1590,6483.824283758199
147,3.064288852244227,0.0103417468407188,True,-1.000309324692494,0.0018466913359262,5154.830540649671,0.061976334442624584,1320.0648330128276,42.933379049316756,1590,6474.895373662499
148,0.0239552784750035,0.0336367242196104,False,-1.0000000000015987,9.797101277419732e-12,5163.489576542612,0.0620066251134749,1320.329269956121,42.93335686922556,1590,6483.8188464987325
149,49.84087645661427,0.0566909771005556,True,-1.0000000000153138,9.138728304509464e-11,5163.494851390195,0.062006643596265815,1320.3294319359934,42.93335685557718,1590,6483.824283326188
150,0.2379530468639215,0.0852830016864252,True,-0.9999999999999996,-9.859043470368208e-17,5163.494851810006,0.06200664359772974,1320.3294319482256,42.93335685557614,1590,6483.824283758232
151,14.04953149846915,0.0025613539624965,True,-1.0467416532709448,0.3244648609245809,3633.4203121027367,0.05659471183968554,1261.6686581045105,42.93844888555497,1590,4895.088970207247
152,93.83509881588544,0.0076888475730025,True,-1.00076982173441,0.0046084463267778,5141.653687721085,0.06193023710061163,1319.6620329312186,42.93341706118453,1590,6461.315720652303
153,13.210213681910409,0.0248161441026252,True,-1.000000254320846,1.5839713507995974e-06,5163.487281145826,0.06200661685149688,1320.3291885075796,42.93335687592815,1590,6483.816469653406
154,0.113649744467979,0.0007001757910401,True,-1.0000000000000002,-1.894944659472514e-16,5163.494851810003,0.06200664359772973,1320.3294319482256,42.93335685557614,1590,6483.824283758228
155,1.380504358928928,0.0003538711952715,True,-0.5710359395397924,0.8252899277427274,59.62618290482931,0.031110026683217655,697.6602334548293,43.09254590673683,1590,757.2864163596586
156,0.1933174502972265,0.0001385823891943,True,-0.9999999999999996,-5.274198415380892e-16,5163.494851810006,0.06200664359772974,1320.3294319482256,42.93335685557614,1590,6483.824283758232
157,0.0219355078966322,0.0084995237375168,True,-1.0000000000057494,2.9881263946359596e-11,5163.483009877124,0.062006602105064784,1320.3290682963952,42.93335688620267,1590,6483.812078173519
158,0.4553416528047663,0.0492046849866595,False,-1.018838561763601,0.1422572333362698,4408.4811400983235,0.05933751120978158,1293.5757586737523,42.935484099817664,1590,5702.056898772076
159,10.235169920156496,0.6187895396419885,False,-0.9999999999999992,8.590759932697125e-17,5163.494851810006,0.06200664359772974,1320.3294319482256,42.93335685557614,1590,6483.824283758232
160,0.0156635366806583,0.0009480116730176,False,-1.0000000000746454,4.2053548460934144e-10,5163.303433634297,0.06200597289721454,1320.323549094971,42.93335734999497,1590,6483.626982729268
161,0.1302360980293175,0.0154496382672028,True,-0.9999999999999994,-4.532523924506917e-16,5163.494851810006,0.06200664359772974,1320.3294319482256,42.93335685557614,1590,6483.824283758232
162,0.070224096281487,0.0787100186255312,True,-0.9999999999999996,3.0693860135893594e-16,5163.494851801719,0.062006643597700715,1320.3294319479724,42.933356855576164,1590,6483.824283749691
163,0.072711161944322,0.0138380187529462,False,-0.9999999999999998,1.6115945529160035e-16,5163.494851805292,0.062006643597713226,1320.3294319480822,42.93335685557616,1590,6483.8242837533735
164,4.427545929026182,0.011679445647032,True,-1.000124508912811,0.0007496653464701,5159.895043045024,0.06199407621559912,1320.2197090960894,42.933366260512756,1590,6480.114752141113
165,15.980606216793948,0.0008253890065175,False,-0.9742634809727948,1.078844963021142,310.2525334285973,0.040414510292401555,871.8053987446572,42.98954530493085,1590,1182.0579321732544
166,25.31849959238013,0.7196492362698622,False,-1.0000000000000002,-9.490696119196038e-17,5163.494851810006,0.06200664359772974,1320.3294319482256,42.93335685557614,1590,6483.824283758232
167,0.0717652165154493,0.0002055109579869,True,-0.9999999999999996,-1.6618621570966968e-15,5163.494851804169,0.06200664359770928,1320.3294319480474,42.93335685557616,1590,6483.824283752217
168,5.326198305684116,0.0041177141605887,True,-1.01517957394939,0.0950997922057229,4708.79808124935,0.0604115990016937,1305.440530122553,42.9346001886023,1590,6014.238611371902
169,27.216438822271336,0.001240366813733,True,-1.052057604432849,0.8694397166828206,1141.2893446766188,0.046214234898195,1053.6847913567858,42.96098822916519,1590,2194.9741360334046
170,0.2573639635284507,0.0007236481259216,True,-1.0000000000000002,1.7135394021747968e-16,5163.494851810003,0.06200664359772973,1320.3294319482256,42.93335685557614,1590,6483.824283758228
171,0.0617982036827523,0.0123523385393942,False,-1.0000000000000002,1.3478066437949616e-15,5163.494851749434,0.06200664359751748,1320.3294319463653,42.93335685557631,1590,6483.8242836958
172,0.0323175718007739,0.003574916023791,True,-1.000000000000094,5.419554149555451e-13,5163.4945970538065,0.06200664270508561,1320.3294241214835,42.93335685623488,1590,6483.82402117529
173,0.1346301655785989,0.1326207140013978,True,-1.0,-1.613422468852911e-16,5163.494851810006,0.06200664359772974,1320.3294319482256,42.93335685557614,1590,6483.824283758232
174,1.3292946962040535,0.6403447299080994,True,-0.9999999999999998,5.968425822546114e-16,5163.494851810006,0.06200664359772974,1320.3294319482256,42.93335685557614,1590,6483.824283758232
175,2.3691464777379365,0.0007498224676985,False,-0.9009369904880103,1.0808565220871076,111.37672498863756,0.0378579962637143,791.0223272262481,43.0098911055623,1590,902.3990522148856
176,4.167749887694333,0.4520787279739112,True,-1.0000000000000002,1.8924999314758474e-16,5163.494851810006,0.06200664359772974,1320.3294319482256,42.93335685557614,1590,6483.824283758232
177,0.1412379360801142,0.4783627466993143,True,-1.0000000000000002,3.508440766313153e-16,5163.494851810006,0.06200664359772974,1320.3294319482256,42.93335685557614,1590,6483.824283758232
178,5.776749651743709,0.0204397512079363,True,-1.000001979250832,1.2123299028520736e-05,5163.436120828046,0.062006437620958796,1320.3276300315247,42.93335700542263,1590,6483.763750859571
179,6.613604864203872,0.0044111347727461,True,-1.011699289790083,0.0721568198516957,4814.991900805517,0.0607906094539318,1309.3638337199275,42.93427153769277,1590,6124.355734525444
180,4.719160132770074,0.000398870297234,True,-0.6722558894568835,0.9189519009119924,20.57205185749428,0.03288469595877655,685.9932002213532,43.063242372631706,1590,706.5652520788475
181,0.0258086372809594,0.2312947678500151,False,-1.0000000000009075,5.205779420282939e-12,5163.492264139693,0.062006634530783276,1320.3293525006757,42.93335686226953,1590,6483.821616640369
182,0.4133254899082814,0.001085525225097,True,-0.310085378900217,0.5429659184211686,350.70756433658124,0.027195508383840904,861.6800109549318,43.17983719571081,1590,1212.387575291513
183,2.6325433084751046,0.3880422840304672,True,-1.0000000000000002,4.628751115342909e-16,5163.494851810006,0.06200664359772974,1320.3294319482256,42.93335685557614,1590,6483.824283758232
184,0.8184050387443126,0.017010638310343,False,-1.000089223993148,0.0005319676532661,5160.9850166167835,0.06199787627479395,1320.2548621813028,42.93336310881597,1590,6481.2398787980865
185,7.494180626585697,0.0101273807879111,True,-1.0002331070693005,0.0014189938429369,5156.577710150252,0.06198246783029047,1320.1201294143211,42.93337443817098,1590,6476.697839564573
186,0.0267458969212363,0.0039126334379578,True,-1.0000000000007945,4.255768790324458e-12,5163.49302937937,0.06200663721203752,1320.3293759921844,42.93335686029126,1590,6483.822405371554
187,34.27111959503723,0.1578775635191995,True,-1.0000000000000009,5.386204636093284e-16,5163.494851810006,0.06200664359772974,1320.3294319482256,42.93335685557614,1590,6483.824283758232
188,0.2951035351160135,0.0312833955280116,True,-0.9999999999999978,9.31070452079518e-15,5163.494851809906,0.06200664359772929,1320.3294319482134,42.93335685557614,1590,6483.82428375812
189,0.3729501776020255,0.0001680891761849,True,-0.9992033609541846,-0.000575021376839,5156.343881432655,0.06195914853878695,1318.5473293831508,42.93360102902609,1590,6474.891210815806
190,24.384343612396787,0.2878505149467549,True,-0.9999999999999998,-9.879962751097909e-16,5163.494851810006,0.06200664359772974,1320.3294319482256,42.93335685557614,1590,6483.824283758232
191,0.1172354216380915,0.002163838593886,True,-1.0000000000000002,4.524637133374572e-16,5163.494851810006,0.06200664359772974,1320.3294319482256,42.93335685557614,1590,6483.824283758232
192,12.42575832505358,0.0234404758409017,True,-1.0000004252172736,2.6669068254471838e-06,5163.481574611002,0.062006596947502574,1320.3290159908752,42.933356891538835,1590,6483.810590601877
193,0.2133919030787985,0.0001027236041843,True,-1.0,-3.459441615031212e-16,5163.494851810006,0.06200664359772974,1320.3294319482256,42.93335685557614,1590,6483.824283758232
194,6.152866443691819,0.2937598053020503,True,-0.9999999999999998,-2.0044476168019806e-16,5163.494851810006,0.06200664359772974,1320.3294319482256,42.93335685557614,1590,6483.824283758232
195,19.14067807092309,0.1665500568159271,True,-0.9999999999999996,-3.637156361763415e-16,5163.494851810006,0.06200664359772974,1320.3294319482256,42.93335685557614,1590,6483.824283758232
196,0.0345486930098867,0.331364266180215,True,-1.0000000000000395,2.3872732162708533e-13,5163.494730255559,0.06200664317180164,1320.329428211913,42.93335685589035,1590,6483.824158467472
197,0.3639870079830334,0.0073280378069449,True,-0.9999940697377886,-1.9122377828117656e-06,5163.4239962980455,0.062006215137260685,1320.3149435108871,42.933358760245156,1590,6483.738939808933
198,0.045272667400846,0.0012008536899543,False,-1.000000000000002,1.1358556050675542e-14,5163.494847150672,0.06200664358140385,1320.3294318051999,42.93335685558821,1590,6483.824278955872
199,3.499999722496053,0.0004622056304586,True,-0.7242478567036914,0.9715061397921833,12.917810701448664,0.03381494578282309,692.7867550308126,43.05209460404187,1590,705.7045657322612
200,17.85452804220374,0.0001313901394688,True,-0.3217105850074249,0.5001759986258846,236.98421545105555,0.027725238474396344,865.8103477410932,43.160434683370816,1590,1102.7945631921489
201,7.1025406667263375,0.0009893947448312,True,-1.0103633200854738,1.029911966159824,523.4422776176422,0.042310288032436354,936.7257979040295,42.97816296557037,1590,1460.1680755216717
202,17.46924219727326,0.0187292458582268,True,-1.0000029873487968,1.762063807144454e-05,5163.412206662391,0.06200635562394616,1320.3269473705252,42.933357058518034,1590,6483.739154032916
203,29.49484836580612,0.0141824619333172,True,-1.0000207003511492,0.0001242295900531,5162.917835128621,0.06200461734465943,1320.3115871846321,42.93335836599156,1590,6483.229422313253
204,4.6241184363708845,0.0165994127586447,True,-1.000010405304306,6.543711359974576e-05,5163.169132331727,0.06200549925844316,1320.3192194452204,42.93335770270815,1590,6483.488351776948
205,0.1382954290310131,0.0360019469298766,True,-1.0,4.168120894211433e-16,5163.494851810006,0.06200664359772974,1320.3294319482256,42.93335685557614,1590,6483.824283758232
206,12.670408516258744,0.0002279705376519,True,-0.4772132068602737,0.6966752836033905,115.63752327629186,0.02975716212981401,734.511308625461,43.12014972411329,1590,850.1488319017528
207,1.0595845851681902,0.6879689745744029,False,-0.999998258919015,-3.287154705486578e-07,5163.472359736043,0.06200651072340178,1320.3253142275144,42.93335745815899,1590,6483.797673963557
208,6.325038686270856,0.0104644753848883,False,-1.0002210656988046,0.0013017413102539,5157.438629849024,0.061985516963538136,1320.147161558939,42.93337169021368,1590,6477.585791407963
209,0.7499440555131801,0.0162528561750114,True,-1.00014835053532,0.0009179795185637,5159.034728843493,0.06199093509945192,1320.189196344711,42.93336878628928,1590,6479.223925188204
210,2.248848697609976,0.0831740698393288,True,-1.0000000000004543,2.8362713220170938e-12,5163.494851796261,0.06200664359768162,1320.3294319478146,42.933356855576186,1590,6483.824283744076
211,0.4425850608553354,0.0003729340656361,True,-0.2131698014401501,0.2947790008300152,318.1424542405527,0.026688181708234476,956.1983815009797,43.186770230967674,1590,1274.3408357415324
212,0.0598640959549753,0.0032979225363448,False,-1.0,1.7540547725616036e-16,5163.4948517125595,0.062006643597388306,1320.3294319452373,42.9333568555764,1590,6483.8242836577965
213,10.479062541123833,0.0003087631176622,False,-0.5884185487784677,0.8380804889947978,56.42488455362864,0.031320604871122044,692.3917408614976,43.09256243805716,1590,748.8166254151263
214,61.8263523822621,0.0046484360516611,False,-1.0073523401055473,0.0454224430416714,4950.283344764828,0.06125391106127246,1313.429249618214,42.933968477602015,1590,6263.712594383042
215,2.774730332691733,0.0023696190846673,True,-1.0604705859219667,0.4617285532940463,2973.243492527141,0.054188721154616724,1227.6448251296533,42.941547370217435,1590,4200.888317656794
216,97.62810495150396,0.0002672944120662,False,-0.5574748278408489,0.8219593168850128,55.637973981961366,0.03087892067162989,700.4726281600871,43.10655176338374,1590,756.1106021420485
217,30.09668556623849,0.0255312552771032,True,-1.0000001959248437,1.1120714928076682e-06,5163.489835012831,0.06200662619932984,1320.3292862950539,42.93335686768152,1590,6483.819121307884
218,0.0305642372381197,0.1092984734470837,False,-1.000000000000134,8.417087286119684e-13,5163.494387914444,0.06200664197223624,1320.3294176984643,42.93335685677616,1590,6483.8238056129085
219,0.0154920583411591,0.0001902103333176,True,-1.000000000083083,4.640360599351177e-10,5163.286807695268,0.06200591464100784,1320.32303866714,42.93335739291445,1590,6483.6098463624085
220,6.241259131199247,0.0007608140086944,True,-0.9331663463000544,1.0776153508669897,203.64974880207012,0.0390929697972859,825.8579570361603,42.99895223301958,1590,1029.5077058382303
221,10.827851229941912,0.3932043426195598,True,-1.0000000000000004,1.1707212077134314e-15,5163.494851810006,0.06200664359772974,1320.3294319482256,42.93335685557614,1590,6483.824283758232
222,0.9883040866966868,0.2569526975644506,True,-1.0000000000000009,1.168264817743947e-15,5163.494851810006,0.06200664359772974,1320.3294319482256,42.93335685557614,1590,6483.824283758232
223,0.0109460074353702,0.5732425756845096,True,-1.0000000005237235,3.694555472625967e-09,5161.188706478644,0.06199856317605001,1320.2585668684874,42.933362815987216,1590,6481.447273347132
224,0.4253451478138522,0.0001283815894627,True,-0.0775637342917735,0.1276309714286566,473.29882525085867,0.025303197930138487,1163.2004841753912,43.21485518174533,1590,1636.49930942625
225,31.419035707381912,0.0008420833444579,True,-0.9340952767918528,0.8502154970338422,364.1430005155252,0.04094673361763346,888.9116371969938,42.986704460084,1590,1253.054637712519
226,0.2771164520517528,0.0906752585756089,False,-1.0000000000000004,9.797152311287536e-17,5163.494851810006,0.06200664359772974,1320.3294319482256,42.93335685557614,1590,6483.824283758232
227,2.5891373953641827,0.5526819555982628,True,-1.0,8.194209062892392e-16,5163.494851810006,0.06200664359772974,1320.3294319482256,42.93335685557614,1590,6483.824283758232
228,64.22865330372127,0.0002604774220267,True,-0.5449332865974466,0.8084200378383133,75.68599133032328,0.030653997787634626,705.3928145016741,43.10605332993426,1590,781.0788058319974
229,0.2625979101505827,0.018445811203622,True,-0.9999999999999996,-8.692830616438874e-16,5163.494851810006,0.06200664359772974,1320.3294319482256,42.93335685557614,1590,6483.824283758232
230,0.0369252192173939,0.0001190826750629,True,-1.0000000000000195,1.1714910264614537e-13,5163.494795082195,0.06200664339895929,1320.329430204963,42.93335685572282,1590,6483.824225287159
231,0.1051597517856547,0.005617033335127,True,-1.0000000000000004,-6.754296605610846e-17,5163.494851809998,0.06200664359772973,1320.3294319482256,42.93335685557614,1590,6483.824283758224
232,0.0783644348491409,0.0158281531735748,True,-0.9999999999999996,2.9447566327405147e-16,5163.494851808651,0.062006643597725,1320.3294319481824,42.93335685557615,1590,6483.824283756834
233,16.7173394426524,0.0888377965310175,True,-1.0000000000000182,1.1234135116359475e-13,5163.494851809495,0.06200664359772794,1320.3294319482084,42.93335685557615,1590,6483.824283757704
234,1.1610828354698903,0.0387036506042733,True,-1.0000000365051425,2.3191803047843642e-07,5163.493729660366,0.06200663963370554,1320.3293953355574,42.93335685890264,1590,6483.823124995923
235,0.3004756900045301,0.0936824238350761,True,-1.0,-8.988366326069219e-16,5163.494851810006,0.06200664359772974,1320.3294319482256,42.93335685557614,1590,6483.824283758232
236,0.0393371678255099,0.1636332177158342,True,-1.0000000000000056,3.9429011424639884e-14,5163.494824986074,0.06200664350373964,1320.3294311241436,42.933356855645556,1590,6483.824256110217
237,0.0667151896868081,0.0030341346017788,True,-1.0000000000000002,1.0261997925431746e-15,5163.494851791318,0.062006643597664265,1320.329431947649,42.93335685557619,1590,6483.824283738967
238,0.5936425871418205,0.0265658132469636,True,-1.000042956278392,0.0002446537284923,5162.3893120253815,0.062002814771686135,1320.2969316643262,42.933359400478096,1590,6482.686243689708
239,0.0892114840243865,0.0051822313799059,True,-1.0,-3.414366940442938e-17,5163.494851809864,0.06200664359772925,1320.3294319482236,42.93335685557614,1590,6483.824283758087
240,53.83717729381587,0.000348649748109,True,-0.6579457564661462,0.926979165613873,26.075986484925934,0.03246320252110493,685.4516908150309,43.07438260974696,1590,711.5276772999568
241,1.070052902981656,0.0088565500664868,True,-1.0017470851163832,0.0104133210180253,5113.568111180308,0.061832794692563725,1318.819236704169,42.93348234186041,1590,6432.387347884477
242,2.6907005253650462,0.0027452534537852,True,-1.0505995910746686,0.3519863944153588,3529.754174365504,0.05622504211201153,1256.503536116387,42.93891511997626,1590,4786.257710481891
243,4.750153888715655,0.745740149561344,True,-1.0,3.8673011632937933e-16,5163.494851810006,0.06200664359772974,1320.3294319482256,42.93335685557614,1590,6483.824283758232
244,21.23794336010432,0.0159630429426905,True,-1.0000082152997527,5.206728220293888e-05,5163.234630984307,0.06200573062455315,1320.32133509783,42.93335751208081,1590,6483.555966082136
245,0.341929427499114,0.0025015572247635,True,-0.9999999866821928,-1.2778718024992402e-09,5163.494670687742,0.062006642543711445,1320.32939787935,42.933356859967205,1590,6483.824068567092
246,45.97353815875866,0.0007857555861374,True,-0.9580753674685556,1.0488283432978671,282.28411411895036,0.04013655277759459,864.1406882782915,42.99290731882755,1590,1146.4248023972418
247,0.0122911038810667,0.0003961219226949,True,-1.0000000004157086,2.3716169790902543e-09,5162.4127071003395,0.06200285189089539,1320.2961863629337,42.933359652349836,1590,6482.708893463273
248,0.0162370486413354,0.0061086752317998,False,-1.0000000000587388,3.2821023494688157e-10,5163.3494969937865,0.062006134294037014,1320.3249655497016,42.933357231046315,1590,6483.674462543488
249,19.984077098413334,0.0015289757676226,True,-1.072384253893396,0.7478839432087033,1735.6445370345718,0.04919086294971831,1131.0435596926236,42.95151465220318,1590,2866.6880967271954
250,0.4884717858561754,0.3199906341079293,True,-0.9999999999999996,5.2460156209533e-16,5163.494851809997,0.06200664359772971,1320.3294319482256,42.93335685557614,1590,6483.824283758223
251,19.418832397882,0.0213282463293393,True,-1.000000811262561,5.19307933215015e-06,5163.468468378222,0.062006550787344954,1320.328611980676,42.93335692062898,1590,6483.797080358898
252,0.792122123454753,0.0005323735596556,False,-0.6720092689588713,0.95844351190522,34.86995244690617,0.03256038639123749,685.2695508713242,43.06811463016123,1590,720.1395033182304
253,0.08362551931065,0.0355220817726087,False,-0.9999999999999998,-5.0858367863120144e-17,5163.494851809564,0.06200664359772821,1320.3294319482097,42.93335685557614,1590,6483.8242837577745
254,30.79595934180924,0.7656775249241856,True,-1.0,5.659924113708721e-17,5163.494851810006,0.06200664359772974,1320.3294319482256,42.93335685557614,1590,6483.824283758232
255,0.2723696616957684,0.0001479845639546,False,-0.999999999999986,4.7127103846552665e-14,5163.494851809472,0.062006643597727215,1320.329431948163,42.93335685557615,1590,6483.8242837576345
256,9.829928741172315,0.0028809979625938,False,-1.039018180750913,0.2572053033568695,3946.7334811737587,0.057738248761777224,1276.956191277246,42.93720177980336,1590,5223.689672451004
257,65.40505692543965,0.0005159482424217,True,-0.806259438054976,1.0085878922183735,33.70264607655505,0.03566515078194078,729.789518483411,43.03370361235531,1590,763.4921645599661
258,0.4711958527265615,0.003871489217078,False,-1.045441258720204,0.8859545203692009,1008.407053555441,0.04558005709645257,1038.7827960389127,42.9628283255954,1590,2047.1898495943537
259,43.2362127434314,0.0236420011123406,False,-1.0000003612676458,2.096611343789341e-06,5163.485177004514,0.06200661007528693,1320.3291507546346,42.93335688039856,1590,6483.814327759149
260,23.00996235847882,0.0001823155250575,True,-0.4192564158526641,0.6413981982613964,161.40917439396594,0.028928211162642114,780.6648916717708,43.13233634529899,1590,942.0740660657367
261,27.97989963820153,0.0037263019376235,False,-1.0174890149664488,0.1085957820089953,4643.879654862521,0.060188693526997745,1303.590655363575,42.93478661302176,1590,5947.470310226096
262,0.3682729994663667,0.0257679503969403,True,-0.9999999529903324,-6.1851859039714035e-09,5163.4942247022245,0.06200663992800486,1320.329312839018,42.93335687103633,1590,6483.823537541242
263,0.2017489104421988,0.1276357299666348,True,-1.0,-3.847608918049634e-16,5163.494851810006,0.06200664359772974,1320.3294319482256,42.93335685557614,1590,6483.824283758232
264,84.63676461325682,0.0008778896906839,True,-0.9895838685449868,1.0151493908255271,503.8982931773477,0.04180025247159978,915.7287068495482,42.984537650402025,1590,1419.627000026896
265,0.02791001936455,0.002248169708802,True,-1.0000000000004987,2.7159883946366444e-12,5163.493662701852,0.062006639431128836,1320.3293954329242,42.93335685865328,1590,6483.823058134776
266,0.0291634464341062,0.1354135938456787,False,-1.0000000000002107,1.341620671293055e-12,5163.494093509134,0.06200664094064647,1320.3294086595024,42.933356857538264,1590,6483.823502168636
267,0.7572859823739024,0.3504483812833897,False,-0.9136573979917736,0.1097975246092598,3246.2971506074946,0.052070869314953756,1047.7559633106243,42.969547769293506,1590,4294.0531139181185
268,1.4700555376091633,0.0667501479200276,True,-1.0000000000420868,2.3839903801264413e-10,5163.4948507426125,0.062006643594040046,1320.329431918809,42.93335685557857,1590,6483.824282661421
269,0.0202456691449473,0.4421704978224087,True,-1.000000000010883,5.7597511139784274e-11,5163.470872329954,0.06200655957733895,1320.3286955358508,42.93335691758421,1590,6483.799567865804
270,6.011342140722338,0.3375913335343752,True,-0.9999999999999998,3.6215570039691575e-16,5163.494851810006,0.06200664359772974,1320.3294319482256,42.93335685557614,1590,6483.824283758232
271,0.0249150345215458,0.0002342233182388,True,-1.0000000000016098,8.604455656627363e-12,5163.491215982143,0.062006630857952556,1320.3293203057115,42.933356864983075,1590,6483.820536287854
272,23.704767019831397,0.0693495729257299,True,-1.0000000000006897,4.741171219275737e-12,5163.494851784399,0.06200664359763972,1320.3294319474107,42.93335685557621,1590,6483.824283731809
273,20.963695917610774,0.0023146106658038,False,-1.05665836194308,0.4013018330334096,3305.761577314779,0.05541897466804225,1246.059938183437,42.93982276391168,1590,4551.821515498216
274,0.0483001864158363,0.4594616375391288,True,-1.0000000000000002,3.2374922651647367e-15,5163.4948498155845,0.06200664359074155,1320.3294318870257,42.933356855581316,1590,6483.82428170261
275,0.6999796596561091,0.0441578829416413,True,-1.0000001285908655,8.768268254437728e-07,5163.490373333567,0.06200662764823814,1320.3292833446505,42.93335686984702,1590,6483.819656678217
276,0.5878799812750958,0.0399448022702107,True,-1.0000026969075548,1.70047456566905e-05,5163.409197288027,0.0620063428576227,1320.3268905467244,42.933357087725355,1590,6483.736087834752
277,1.1714782654069538,0.8920147863284336,True,-0.9999999999697426,8.741897201009745e-12,5163.494851314316,0.06200664359498374,1320.3294318704839,42.93335685558734,1590,6483.8242831848
278,1.2438178930636847,0.1195234469029164,True,-1.000000000000009,5.847197872366468e-14,5163.494851809717,0.062006643597728756,1320.3294319482184,42.93335685557614,1590,6483.8242837579355
279,0.2415681285046496,0.0067477197001148,True,-0.9999999999999996,-3.876427140500999e-16,5163.494851810006,0.06200664359772974,1320.3294319482256,42.93335685557614,1590,6483.824283758232
280,1.6652458964024353,0.0002162931674191,False,-0.4142642572442238,0.6353660794058053,166.0385914447204,0.028890571892980547,778.692033554026,43.132435264835784,1590,944.7306249987464
281,0.217805006222942,0.0027119587342743,True,-1.0000000000000002,-3.141903972089389e-16,5163.494851810006,0.06200664359772974,1320.3294319482256,42.93335685557614,1590,6483.824283758232
282,3.4714217520576933,0.0004276423734589,True,-0.694151106969398,0.954542950540572,16.672122654385387,0.03321402697546778,687.209783100074,43.0610031065902,1590,703.8819057544594
283,0.1246272703521037,0.0069301784208952,True,-0.9999999999999996,4.824235344092e-16,5163.494851810006,0.06200664359772974,1320.3294319482256,42.93335685557614,1590,6483.824283758232
284,18.287444518436534,0.0050686143643404,False,-1.0059902150313027,0.0363299383214082,4992.9604929610805,0.061408571066090656,1314.937330679917,42.93379629591771,1590,6307.897823640998
285,1.4269277136084328,0.3101648230458584,True,-0.9999999999999996,-8.275185401728142e-16,5163.494851810006,0.06200664359772974,1320.3294319482256,42.93335685557614,1590,6483.824283758232
286,0.851383395262984,0.0622622937081421,True,-1.000000000893709,5.85310620946638e-09,5163.49482289823,0.06200664349521825,1320.3294309877174,42.93335685565047,1590,6483.824253885948
287,40.063015945901896,0.0013724301647644,False,-1.067704492104291,0.8193042126601046,1418.5460813534712,0.04773103677044613,1097.9381440888224,42.956133989975925,1590,2516.484225442294
288,5.17596697637062,0.0050232676811305,True,-1.007332247818645,0.0455930944524428,4943.570041818342,0.06123434456320208,1313.2864896808687,42.93393338565912,1590,6256.856531499211
289,0.0127653373626335,0.0343361607521277,True,-1.000000000293641,1.7306962922907734e-09,5162.657752226858,0.06200371053817341,1320.3037173184218,42.93335901910305,1590,6482.96146954528
290,1.759053507046654,0.0116002963131645,False,-1.000213940863933,0.0013266667032267,5156.970050874832,0.061983764970720855,1320.1286841045696,42.93337302204566,1590,6477.098734979401
291,0.1593815864916962,0.2651602674517875,True,-1.0,5.94357541535242e-16,5163.494851810006,0.06200664359772974,1320.3294319482256,42.93335685557614,1590,6483.824283758232
292,1.002457819117854,0.4176768968537642,True,-1.0,5.230084938059425e-16,5163.494851810006,0.06200664359772974,1320.3294319482256,42.93335685557614,1590,6483.824283758232
293,0.917972335882534,0.1069831206308874,True,-1.0000000000006364,3.764377939310748e-12,5163.494851792515,0.06200664359766864,1320.329431947673,42.93335685557619,1590,6483.824283740188
294,0.0340556695061069,0.215106850977168,True,-1.0000000000000349,2.4016420172543773e-13,5163.494708946611,0.062006643097156776,1320.3294275579074,42.93335685594542,1590,6483.824136504519
295,39.307362390871816,0.0739290412778093,True,-1.0000000000003977,2.1420799706910697e-12,5163.494851801295,0.06200664359769976,1320.329431947989,42.933356855576164,1590,6483.824283749284
296,0.1859526551489283,0.001751290388904,False,-1.0,4.865006116751267e-16,5163.494851810006,0.06200664359772974,1320.3294319482256,42.93335685557614,1590,6483.824283758232
297,0.110952260410942,0.0055130881638051,True,-1.0,-9.434003090834629e-18,5163.494851810003,0.06200664359772973,1320.3294319482256,42.93335685557614,1590,6483.824283758228
298,0.0189477656009198,0.0009766428278078,False,-1.000000000018257,9.863963160571247e-11,5163.452784670458,0.062006496200251886,1320.328139872986,42.933356964335395,1590,6483.780924543444
299,0.0507716157480994,0.0033925294515258,True,-1.0000000000000002,3.0082398805065136e-15,5163.494850792917,0.062006643594165904,1320.3294319170107,42.93335685557878,1590,6483.8242827099275
300,0.053397461999263,0.001669678641512,True,-1.0000000000000002,1.0208918423600886e-15,5163.49485130362,0.0620066435959554,1320.329431932689,42.933356855577465,1590,6483.8242832363085
301,1.4179976742900793,0.5599191798390147,True,-0.9999999999999998,5.045900585529434e-16,5163.494851810006,0.06200664359772974,1320.3294319482256,42.93335685557614,1590,6483.824283758232
302,0.067767262110348,0.0006558278949435,True,-1.0000000000000004,3.919179675299432e-16,5163.494851795399,0.062006643597678546,1320.3294319477773,42.933356855576186,1590,6483.824283743176
303,6.96409708509638,0.0120174464697069,True,-1.0000892190800057,0.0005329842379775,5161.006315437053,0.06199791210658247,1320.2534203580708,42.93336333002719,1590,6481.259735795124
304,0.0358823442314555,0.0210438518123927,False,-1.0000000000000118,1.0540276239936769e-13,5163.4947727933595,0.06200664332086379,1320.3294295196442,42.93335685578038,1590,6483.824202313004
305,5.240217682138969,0.0006744215339996,False,-0.8888650913567083,1.0822796813672242,86.01770335539558,0.037540993325010236,779.6831797620575,43.010128064704105,1590,865.7008831174531
306,0.0142028513490583,0.0071290077845486,True,-1.000000000142497,8.315096761794274e-10,5163.099699297607,0.06200525904504692,1320.3172920207771,42.93335787656172,1590,6483.416991318384
307,0.0318634312633412,0.0002997447977739,True,-1.0000000000001086,6.297883337884344e-13,5163.494554748106,0.062006642556843725,1320.3294228220498,42.933356856344346,1590,6483.823977570155
308,2.1823825001127664,0.0092086056623586,True,-1.0007241104951838,0.0043000141785477,5143.236574746488,0.06193583494655187,1319.7115274001203,42.933409017396826,1590,6462.948102146609
309,0.3070049845392364,0.0415966901460178,False,-0.9999999999999942,1.9641729697681402e-14,5163.494851809777,0.062006643597728645,1320.3294319482006,42.93335685557615,1590,6483.824283757978
310,1.5308375189205354,0.0031282379871622,True,-1.0476837055367787,0.3186746338972704,3687.1039863207475,0.05681187266107319,1265.3031919126734,42.938048065530715,1590,4952.407178233421
311,3.9004518357933504,0.0001413967484589,True,-0.3157881237770747,0.4953918584535303,221.8224118225158,0.027799756327783396,868.3532813906386,43.1570416073431,1590,1090.1756932131543
312,0.4745996548911843,0.0064515820056722,True,-1.0719211741995769,0.5384044646702704,2793.7682599736277,0.053495301678656376,1215.2326549054976,42.94261909512666,1590,4009.000914879125
313,77.62933711668066,0.0007108895337119,True,-0.9396171954725138,1.1003196165802112,153.33717405542717,0.038835869465973755,829.282582041433,43.00244922791764,1590,982.6197560968601
314,2.2841682784185813,0.1717694532842762,True,-1.0,-3.501962396944581e-17,5163.494851810006,0.06200664359772974,1320.3294319482256,42.93335685557614,1590,6483.824283758232
315,0.2097197611452387,0.0017016232782503,True,-1.0,-3.1048738069668687e-16,5163.494851810006,0.06200664359772974,1320.3294319482256,42.93335685557614,1590,6483.824283758232
316,4.100163836635203,0.9939868908350038,True,-0.9999999999999996,-5.128751973722409e-16,5163.494851810006,0.06200664359772974,1320.3294319482256,42.93335685557614,1590,6483.824283758232
317,1.8950931041235224,0.000279343824675,True,-0.503601212884874,0.7405249858731484,95.01293912177951,0.030124435947164886,721.5571224627981,43.11211657531615,1590,816.5700615845776
318,0.0606500175609029,0.4261769690012884,True,-1.0,8.547963114222506e-16,5163.494851729749,0.06200664359744854,1320.3294319457614,42.933356855576356,1590,6483.824283675511
319,0.5513510354077046,0.0058816236786256,False,-1.0388726884919397,0.2617910452709674,3932.2828297792776,0.05765615821252639,1275.1098515511928,42.93746240471483,1590,5207.392681330471
320,2.430920873717312,0.0993436854723216,True,-1.0000000000000189,1.2280484330071045e-13,5163.494851809413,0.06200664359772764,1320.329431948207,42.93335685557615,1590,6483.82428375762
321,9.291250447494924,0.0002473003168976,False,-0.5014916490841247,0.7342732719663828,99.7418012600645,0.03009131960632898,721.0008395004543,43.11502872621136,1590,820.7426407605187
322,15.243319014491169,0.0002693866085207,True,-0.5444982109427133,0.7902469300207055,82.75410041992421,0.030645232009042817,706.4898425111969,43.10140872560047,1590,789.2439429311212
323,81.64827055682346,0.0415568254018296,True,-1.000000000605229,4.091470295265202e-09,5163.49483068141,0.06200664352283913,1320.329431260965,42.933356855640376,1590,6483.824261942375
324,0.0555302176623034,0.0004857603152469,True,-1.0000000000000004,1.5122345346930433e-15,5163.494851519092,0.062006643596710355,1320.3294319393,42.9333568555769,1590,6483.824283458392
325,0.7048178083144501,0.000326716399683,True,-0.443119275944189,0.6595721214699359,144.71161733163137,0.029293543244587595,749.9060939170515,43.13049776239399,1590,894.6177112486829
326,1.5658812496164252,0.1970124859394335,True,-1.0,-3.639077613916078e-16,5163.494851810006,0.06200664359772974,1320.3294319482256,42.93335685557614,1590,6483.824283758232
327,3.021817080356401,0.0043314426997553,True,-1.015835742430636,0.0965423805204394,4716.619579670888,0.0604437513337469,1305.8569705102475,42.934567760968456,1590,6022.476550181135
328,16.388828754698835,0.0376787818492685,True,-1.000000003053285,1.9670789996429853e-08,5163.4947539378245,0.062006643253050324,1320.329428786431,42.93335685583502,1590,6483.8241827242555
329,0.091251482665088,0.0029791971372287,True,-0.9999999999999994,-5.16102841870975e-16,5163.494851809912,0.06200664359772942,1320.3294319482247,42.93335685557614,1590,6483.8242837581365
330,0.166105928077566,0.3696806011105075,True,-0.9999999999999996,-8.929972355735494e-16,5163.494851810006,0.06200664359772974,1320.3294319482256,42.93335685557614,1590,6483.824283758232
331,1.2656271170194318,0.1860335079023036,False,-1.0000000000000009,1.0706395731467804e-15,5163.494851810006,0.06200664359772974,1320.3294319482256,42.93335685557614,1590,6483.824283758232
332,0.0144101725594426,0.0001114141955299,False,-1.000000000143259,7.996959406608128e-10,5163.139116845912,0.062005397148149,1320.3185018072254,42.933357774731135,1590,6483.457618653138
333,0.0939502847981647,0.2538462450996722,True,-0.9999999999999992,-6.161512556955203e-16,5163.494851809952,0.062006643597729574,1320.3294319482254,42.93335685557614,1590,6483.824283758177
334,0.7337749271106672,0.1143502740154694,True,-1.0000000000075582,4.417108741992653e-11,5163.494851606245,0.062006643597026775,1320.3294319429015,42.93335685557666,1590,6483.8242835491465
335,0.0751171858625678,0.024420059965041,True,-1.0000000000000009,9.702712600651497e-16,5163.49485180725,0.06200664359772008,1320.3294319481374,42.93335685557615,1590,6483.824283755387
336,69.97708454020452,0.0002991474458523,False,-0.5994882021146501,0.8732229176460381,47.09615690634722,0.03148298065569172,690.9275092825417,43.092284915318324,1590,738.0236661888889
337,0.0553001016939068,0.0550164338014096,True,-1.0000000000000004,9.77046199394447e-16,5163.4948515012875,0.062006643596647995,1320.3294319387555,42.933356855576946,1590,6483.824283440043
338,0.0208332825051239,0.468314868876169,True,-1.0000000000082585,4.4137396848468136e-11,5163.47615118762,0.062006578072482624,1320.3288576626355,42.93335690393263,1590,6483.805008850256
339,0.0176467173479141,0.049808844960781,True,-1.0000000000292408,1.6492454066946443e-10,5163.41947782931,0.06200637949740344,1320.327116401831,42.93335705038926,1590,6483.746594231141
340,0.0244210165112066,0.000382803289502,True,-1.0000000000019742,1.0503128319161891e-11,5163.49045226025,0.06200662818205375,1320.3292968569388,42.933356866959635,1590,6483.819749117189
341,35.32998474357317,0.0003683147944532,True,-0.5017471436228831,0.3017064860181561,22.42490806401459,0.03282884153198922,685.8090900593678,43.06644249190357,1590,708.2339981233824
342,3.3808331179224025,0.0465763223784957,True,-1.000000000720782,4.554118402480995e-09,5163.49482943799,0.06200664351909831,1320.3294312581356,42.93335685563095,1590,6483.824260696126
343,0.0462828183474378,0.003563595211957,False,-1.0000000000000016,7.733526527538681e-15,5163.494848310886,0.062006643585468535,1320.3294318408139,42.93335685558521,1590,6483.824280151699
344,0.0171419580289293,0.042583081949568,True,-1.000000000039713,2.1725396151071416e-10,5163.399790733391,0.06200631051960261,1320.3265115720023,42.93335710120605,1590,6483.726302305393
345,0.0399335391774238,0.2380582906703676,True,-1.0000000000000049,3.682396882509052e-14,5163.494829438071,0.0620066435193401,1320.3294312610506,42.93335685563403,1590,6483.824260699122
346,0.0130169508803081,0.0001578425064394,True,-1.000000000301973,1.6776670275093191e-09,5162.762995682202,0.06200407928382956,1320.3069502050575,42.93335874711182,1590,6483.06994588726
347,1.9442923707718929,0.0064238728836859,True,-1.0039393764076827,0.024334696922525,5044.055357796371,0.06158876469040418,1316.6401719203377,42.93366820612432,1590,6360.695529716709
348,12.807356754124536,0.0143701670434181,True,-1.0000233474081728,0.000138323112124,5162.84606142073,0.062004373910067065,1320.3096735791678,42.933358530613624,1590,6483.1557349998975
349,0.181173372535896,0.0014096705156366,True,-0.9999999999999996,2.3754390090192996e-16,5163.494851810006,0.06200664359772974,1320.3294319482256,42.93335685557614,1590,6483.824283758232
350,0.9011340917687856,0.3051188440350546,False,-0.9999999999999998,3.7129690799523475e-17,5163.494851810006,0.06200664359772974,1320.3294319482256,42.93335685557614,1590,6483.824283758232
351,0.0756690397524328,0.1116060000319893,True,-1.0,-1.1007427970185841e-15,5163.4948518075635,0.062006643597721185,1320.3294319481495,42.93335685557615,1590,6483.824283755713
352,0.043291320529605,0.0178362569347499,True,-1.0000000000000016,1.1679266329797908e-14,5163.494843563638,0.06200664356883547,1320.3294316950673,42.933356855597495,1590,6483.824275258705
353,0.5765989070505552,0.3180341962834255,True,-0.9999999999998072,2.1639880022233572e-13,5163.494851805686,0.062006643597707405,1320.3294319476277,42.93335685557622,1590,6483.824283753314
354,0.0126228084291526,0.0612079629837093,True,-1.000000000341814,1.950123636932744e-09,5162.591065632156,0.06200347684962038,1320.301668420641,42.93335919147859,1590,6482.892734052797
355,0.116075822195255,0.1984064194833038,False,-1.0000000000000002,1.5293313202711943e-16,5163.494851810003,0.06200664359772973,1320.3294319482256,42.93335685557614,1590,6483.824283758228
356,92.9892096476188,0.0018570330130425,False,-1.063677908319936,0.5404978675819053,2577.772830851749,0.05266359951465294,1202.3651790907152,42.944867351869824,1590,3780.138009942464
357,28.173401230722035,0.2467857120551968,True,-1.0000000000000002,6.032213734327994e-16,5163.494851810006,0.06200664359772974,1320.3294319482256,42.93335685557614,1590,6483.824283758232
358,1.4914825742236393,0.0305369734419356,True,-1.0000002452698142,1.434150142559676e-06,5163.488273230498,0.06200662061459367,1320.3292348983894,42.93335687368866,1590,6483.817508128887
359,2.0349253113711017,0.5195758402873244,True,-1.0,7.143156411887052e-16,5163.494851810006,0.06200664359772974,1320.3294319482256,42.93335685557614,1590,6483.824283758232
360,0.0421019977717972,0.0001541524203696,False,-1.0000000000000042,2.5547983506441077e-14,5163.494840120479,0.062006643556770026,1320.329431589285,42.93335685560641,1590,6483.824271709764
361,1.1184871985560343,0.0001752113279809,True,-0.3224561561988464,0.4954363712905237,251.73099760085597,0.027774231041488438,856.9018878760713,43.16331806156496,1590,1108.6328854769272
362,1.6022725312848956,0.0002559045918313,True,-0.46244901226412,0.6847221694930988,125.7977338844114,0.029611249066245002,743.7380034312912,43.11725158061013,1590,869.5357373157026
363,1.109619495440334,0.0006313757388261,True,-0.7779577243911968,0.999176588040148,23.359212606171738,0.035002666580707865,711.3305319859169,43.038752335952864,1590,734.6897445920886
364,75.98019084848482,0.0001649790414582,True,-0.3752248607367763,0.5472010943628488,159.4998224014118,0.02859995362041276,794.1638688449029,43.150697457924586,1590,953.6636912463148
365,0.5640062834177366,0.0062320349733152,True,-1.0320240818268471,0.2066674807613187,4191.738269845763,0.05860443687107462,1286.3681203492865,42.936123936933704,1590,5478.106390195049
366,1.0432886958242795,0.0811721800091565,True,-1.0000000000116498,6.806528517916714e-11,5163.494851502304,0.06200664359666066,1320.3294319388208,42.933356855576875,1590,6483.824283441125
367,26.30572065673715,0.5883793016737989,False,-1.0000000000000002,4.524014315313974e-16,5163.494851810006,0.06200664359772974,1320.3294319482256,42.93335685557614,1590,6483.824283758232
368,2.503291998665711,0.0018436341654034,False,-1.0716283348828557,0.687264200377115,1975.26208997981,0.0502393015652317,1154.0165385788973,42.94905995087155,1590,3129.278628558707
369,89.76776314084346,0.0026775378878497,False,-1.0368984138153203,0.2560310846127557,3915.454714691958,0.0575939695505558,1274.653323155363,42.93756436321428,1590,5190.108037847322
370,0.0470769104613281,0.0003165576803722,False,-1.000000000000001,5.7150484069166645e-15,5163.494849009158,0.062006643587915605,1320.3294318622643,42.933356855583405,1590,6483.824280871422
371,72.43522051381996,0.5171852571363765,True,-1.0,-8.019781102247801e-17,5163.494851810006,0.06200664359772974,1320.3294319482256,42.93335685557614,1590,6483.824283758232
372,56.42681175979008,0.8039693839905921,True,-1.0,2.22941942886031e-16,5163.494851810006,0.06200664359772974,1320.3294319482256,42.93335685557614,1590,6483.824283758232
373,0.5368158047169905,0.0016010610029511,True,-0.9301119333650064,1.0590031862241738,195.15691824986934,0.03908486419653656,828.2070926066466,42.999411072811526,1590,1023.364010856516
374,0.0386189756023348,0.0001722738791272,True,-1.0000000000000129,7.482839100667491e-14,5163.494818363508,0.062006643480535056,1320.3294309207608,42.93335685566265,1590,6483.824249284269
375,0.0988360054010626,0.0194038112982669,False,-1.0,5.850022433036595e-16,5163.494851809986,0.06200664359772967,1320.3294319482256,42.93335685557614,1590,6483.824283758212
376,50.7716146861654,0.0198245399515156,True,-1.000001295042279,8.255387557003762e-06,5163.4545908212,0.062006501181877324,1320.328145655118,42.93335697111689,1590,6483.782736476318
377,0.0572188695557253,0.032613848037263,True,-1.0000000000000002,9.278012028374847e-16,5163.494851620968,0.06200664359706735,1320.3294319424285,42.93335685557663,1590,6483.824283563396
378,0.0351148752464074,0.0554755115885594,False,-1.000000000000025,1.7054394550979553e-13,5163.4947506652625,0.06200664324332395,1320.3294288392613,42.93335685583758,1590,6483.824179504523
379,78.79255835543853,0.0091528808247588,True,-1.000323548190993,0.0018893467830184,5154.673084467257,0.06197594144484965,1320.067087724211,42.93338033894412,1590,6474.7401721914675
380,42.12785138746531,0.9122487838526068,True,-1.0,4.3866270665258966e-16,5163.494851810006,0.06200664359772974,1320.3294319482256,42.93335685557614,1590,6483.824283758232
381,0.0918271603964047,0.9207683392965604,True,-1.0000000000000002,3.481283405416921e-16,5163.494851809921,0.06200664359772946,1320.3294319482245,42.93335685557614,1590,6483.824283758146
382,0.5223902090441632,0.0019602357261567,True,-0.9812282562546866,1.0696095649814152,325.4271106029985,0.040670135325910364,883.4164161306276,42.98912600776458,1590,1208.843526733626
383,0.2928332626662463,0.6929014582854625,True,-0.9999999999999998,1.1086734174001715e-16,5163.494851810006,0.06200664359772974,1320.3294319482256,42.93335685557614,1590,6483.824283758232
384,0.0283784830541158,0.001263775874192,False,-1.000000000000406,2.243070237368359e-12,5163.493847834514,0.062006640079879285,1320.3294011199707,42.933356858173994,1590,6483.823248954484
385,65.93183276958513,0.0009347137585192,False,-1.011221111074515,1.0260073148667226,557.2636220119451,0.04242825558771657,940.5095920113511,42.979549659366576,1590,1497.773214023296
386,0.1578838621690394,0.0127940722670335,True,-1.0,6.679597791805759e-16,5163.494851810006,0.06200664359772974,1320.3294319482256,42.93335685557614,1590,6483.824283758232
387,36.947739301770014,0.0111392128272103,True,-1.0000951158160163,0.0005806838867876,5160.730440997323,0.06199689248975982,1320.2432123160236,42.93336431932467,1590,6480.973653313346
388,0.6230698773133704,0.0002226579014441,True,-0.3118960697242141,0.510805264504363,260.27983294801817,0.027623745055949007,876.9065902659053,43.16145043510647,1590,1137.1864232139235
389,8.877711394092657,0.2822108434169249,True,-0.9999999999999998,-6.054101019233888e-17,5163.494851810006,0.06200664359772974,1320.3294319482256,42.93335685557614,1590,6483.824283758232
390,1.649778093297396,0.3484967113574228,True,-0.9999999999999994,4.402002218745672e-16,5163.494851810006,0.06200664359772974,1320.3294319482256,42.93335685557614,1590,6483.824283758232
391,7.7094492568365345,0.0445846566736497,True,-1.0000000006791945,4.145632592135446e-09,5163.494831844569,0.062006643527804085,1320.329431348313,42.93335685562664,1590,6483.8242631928815
392,0.0223947222793578,0.8474453142185878,False,-1.0000000000040876,2.2182180411337085e-11,5163.485029528954,0.06200660918160738,1320.3291303335775,42.93335688097855,1590,6483.814159862532
393,0.8579010900147745,0.0006288834918801,True,-0.7409273295135829,0.9867180280478524,12.21812368101407,0.03413887928619759,697.9699671394395,43.0486453184682,1590,710.1880908204536
394,20.32124646465742,0.0047773650957072,False,-1.007380273532213,0.0450785498666118,4950.288068928299,0.06125927968023428,1313.5608528541447,42.93391339989284,1590,6263.848921782444
395,0.0232823278611826,0.0370096735028381,True,-1.0000000000022362,1.3298335286503512e-11,5163.48797194279,0.06200661949160346,1320.3292207044015,42.933356873370755,1590,6483.817192647191
396,1.9790471877506453,0.0037602603087829,True,-1.0263412927259188,0.170231021549209,4356.075997705158,0.05916934475021693,1292.603468339659,42.935768454848414,1590,5648.679466044818
397,32.57252476210987,0.1067798630342449,False,-1.0000000000000004,2.642063120134821e-15,5163.494851809995,0.06200664359772971,1320.3294319482256,42.93335685557614,1590,6483.824283758221
398,2.880992855871828,0.0127080086913951,True,-1.0000964421942151,0.0005703676632612,5160.856549008761,0.06199740024764794,1320.2492519854477,42.93336338518114,1590,6481.105800994209
399,0.128415440029301,0.0065937276293407,True,-1.0,5.412788459870833e-17,5163.494851810006,0.06200664359772974,1320.3294319482256,42.93335685557614,1590,6483.824283758232
400,1.2841190380434564,0.0020714005501912,True,-1.0710310717530769,0.6758946963065661,2021.9552773389614,0.05041379861903984,1158.7429359635246,42.948675428729565,1590,3180.698213302486
401,0.4485891722096651,0.0031074603819927,True,-0.925904560355384,1.0068878438036366,252.631159633714,0.03950960073153465,842.0131928888009,43.00047929961102,1590,1094.644352522515
402,0.1081744367362455,0.0001055487211056,True,-1.0,-2.1454708484606108e-16,5163.494851810003,0.06200664359772973,1320.3294319482256,42.93335685557614,1590,6483.824283758228
403,0.02989157619317,0.0004075459231366,False,-1.0000000000002331,1.304187261079134e-12,5163.494265264522,0.06200664154253499,1320.3294139331188,42.93335685709358,1590,6483.8236791976415
404,0.0165957678639028,0.0005210724189468,False,-1.0000000000489226,2.7288014459045876e-10,5163.37218855269,0.06200621380359603,1320.3256628329523,42.93335717250342,1590,6483.697851385643
405,37.41663973473814,0.0024189938072186,False,-1.0486899360174693,0.3448240351488051,3527.1978176972607,0.0562109283520205,1256.9329450562282,42.93907266367435,1590,4784.130762753489
406,32.97722278840366,0.000207721968616,True,-0.4491710945717361,0.654525168496668,133.17568794450673,0.029491652012097164,748.7234151626262,43.121932113079865,1590,881.899103107133
407,5.507182562424116,0.0134337057354065,True,-1.0000498119560608,0.0002917359732864,5162.156642939759,0.062001962015504834,1320.288720808518,42.93336017233307,1590,6482.445363748277
408,1.864825942628347,0.0010543824719655,False,-0.997189142678294,1.0448483508370312,402.4351114739618,0.041543772662776784,914.2446907168408,42.98242438563518,1590,1316.6798021908025
409,0.0375839377114293,0.004487699169711,True,-1.000000000000015,9.373628943225169e-14,5163.494805682567,0.062006643436104125,1320.3294305309062,42.93335685569543,1590,6483.824236213473
410,0.0841432280907655,0.0001148681188849,True,-0.9999999999999996,2.8998393555098464e-16,5163.494851809613,0.06200664359772833,1320.3294319482115,42.93335685557614,1590,6483.824283757824
411,0.0119628290492883,0.1905734170999821,True,-1.0000000004433935,2.634117342108589e-09,5162.198351695939,0.06200210085321898,1320.289600707898,42.933360206441066,1590,6482.487952403837
412,47.7337463117664,0.0001994398183351,True,-0.4427691057737575,0.6640860561294585,136.6557803038345,0.029315426870966797,754.5474794313443,43.129112344579035,1590,891.2032597351788
413,74.5820716412173,0.8587471299512194,True,-0.9999999999999998,3.531123349424808e-16,5163.494851810006,0.06200664359772974,1320.3294319482256,42.93335685557614,1590,6483.824283758232
414,0.3140458375836847,0.001504185844072,True,-0.9999999996481316,1.5907723308758352e-10,5163.4948456280035,0.062006643564051195,1320.3294309510197,42.93335685570028,1590,6483.824276579024
415,0.0578487958325288,0.0006118518873872,True,-1.0000000000000004,5.80825030146985e-16,5163.4948516487675,0.06200664359716477,1320.329431943279,42.93335685557657,1590,6483.824283592046
416,0.0160053161092626,0.0005506055198769,True,-1.0000000000641924,3.5953735467966974e-10,5163.332491525255,0.062006074714001255,1320.324442477427,42.933357274953025,1590,6483.656934002682
417,0.0435077577965513,0.0328029462608562,True,-1.0000000000000024,1.4548274172202527e-14,5163.49484406758,0.06200664357060069,1320.3294317105244,42.933356855596195,1590,6483.8242757781045
418,1.7867847413091955,0.0001782483623425,True,-0.3528874787120215,0.5395981663477117,224.9432344612706,0.028147066797103843,822.2856473257013,43.15023933213082,1590,1047.228881786972
419,33.97166530597137,0.0093968949940717,True,-1.0000995254640184,0.001110571000118,5155.437525930703,0.06197856106138708,1320.0891565806196,42.93337747997207,1590,6475.526682511322
