idx,sweep,mu_sym,c4_pta_product,screening_suppression_factor,phi_center_ratio,numerically_stable,pta_max_deviation_from_hd,H0_implied_km_s_Mpc,Omega_m_frozen,wall_time_seconds,error
0,2d,1.0,0.08035,0.00011811720750749558,1.9741863069299735e-14,True,0.08035000000000003,67.661122494938,0.31115000000000004,0.01633906364440918,
1,2d,0.4792662831390549,2.594401032017067e-05,6.59232831203068e-05,1.4573046728855808e-14,True,2.5944010320189115e-05,67.661122494938,0.31115000000000004,0.01324152946472168,
2,2d,0.9297662439996871,390.69093145536027,0.00011055915242740393,1.9059596898667857e-14,True,390.69093145536027,67.661122494938,0.31115000000000004,0.013826847076416016,
3,2d,2.441093164827575,0.001019172760250909,0.00032889295491499225,3.558656318467179e-14,True,0.0010191727602509304,67.661122494938,0.31115000000000004,0.016754865646362305,
4,2d,0.30631074373813527,9.679446093989311,4.951986392138e-05,1.2603859759900285e-14,True,9.679446093989313,67.661122494938,0.31115000000000004,0.01234889030456543,
5,2d,0.2129343174639384,0.054965821676405006,4.092988647731454e-05,1.1450036136638652e-14,True,0.05496582167640501,67.661122494938,0.31115000000000004,0.00948786735534668,
6,2d,1.6264017463426634,0.18275913503142974,0.00019554534554839167,2.6059685747528555e-14,True,0.1827591350314297,67.661122494938,0.31115000000000004,0.01559591293334961,
7,2d,1.5191495220038453,0.0006889725595803603,0.00018089718280146208,2.4933402091439935e-14,True,0.0006889725595803364,67.661122494938,0.31115000000000004,0.01381683349609375,
8,2d,0.7505233628959839,14.44757669505939,9.212008906687133e-05,1.731649766395565e-14,True,14.44757669505939,67.661122494938,0.31115000000000004,0.013047933578491211,
9,2d,0.6295922048623305,0.00835135028070808,8.026008209463508e-05,1.6121519108769608e-14,True,0.008351350280708103,67.661122494938,0.31115000000000004,0.011881828308105469,
10,2d,1.2896702455587832,1.213517541163301,0.00015155722931256034,2.259432177034136e-14,True,1.213517541163301,67.661122494938,0.31115000000000004,0.014348506927490234,
11,2d,1.9164327801929426,3.165271113868253e-05,0.00023835747349817775,2.923518327680858e-14,True,3.165271113869661e-05,67.661122494938,0.31115000000000004,0.014750957489013672,
12,2d,0.253918871183908,311.7144873417353,4.4613752023770914e-05,1.1957767505985913e-14,True,311.7144873417353,67.661122494938,0.31115000000000004,0.009479522705078125,
13,2d,0.36520998021912177,0.00017693592111636726,5.51122540163925e-05,1.3304694049269447e-14,True,0.00017693592111639456,67.661122494938,0.31115000000000004,0.01235055923461914,
14,2d,2.875922828892197,56.7679726935589,0.0004184501844224182,4.16140766112001e-14,True,56.7679726935589,67.661122494938,0.31115000000000004,0.015865802764892578,
15,2d,0.7894512958062997,0.02139704041973553,9.602890992887554e-05,1.7696550124741337e-14,True,0.021397040419735558,67.661122494938,0.31115000000000004,0.012889623641967773,
16,2d,0.4021058421496184,0.46526197116188006,5.861514148710627e-05,1.3727037072775014e-14,True,0.4652619711618802,67.661122494938,0.31115000000000004,0.011707544326782227,
17,2d,0.45758091556819885,0.0127792106942177,6.387043816641242e-05,1.4339821919850958e-14,True,0.012779210694217724,67.661122494938,0.31115000000000004,0.011784076690673828,
18,2d,0.8971728779820479,0.7861522291480464,0.00010711851780367675,1.8743322460643107e-14,True,0.7861522291480463,67.661122494938,0.31115000000000004,0.01291346549987793,
19,2d,2.754811437488428,0.0002753957058867317,0.00039206836352010456,3.9854599160059986e-14,True,0.00027539570588674955,67.661122494938,0.31115000000000004,0.015706777572631836,
20,2d,0.34936682923398293,36.146260401292245,5.360660740169185e-05,1.3119387264724581e-14,True,36.146260401292245,67.661122494938,0.31115000000000004,0.012203216552734375,
21,2d,0.2643792899711973,6.481785564926847e-05,4.558144078288596e-05,1.2087774469836296e-14,True,6.481785564926845e-05,67.661122494938,0.31115000000000004,0.00939035415649414,
22,2d,1.9980335190505305,156.38654436660053,0.0002512889435404875,3.016741603138786e-14,True,156.38654436660053,67.661122494938,0.31115000000000004,0.015398025512695312,
23,2d,1.136328914920782,0.004377887028428219,0.0001333829567398209,2.1074075353445333e-14,True,0.004377887028428229,67.661122494938,0.31115000000000004,0.013610601425170898,
24,2d,0.5554696540581845,2.2535781592406563,7.315513550460003e-05,1.5370415581791118e-14,True,2.2535781592406563,67.661122494938,0.31115000000000004,0.011410236358642578,
25,2d,0.6611758779209772,0.00039693520511698563,8.332078356632926e-05,1.6436450750718243e-14,True,0.0003969352051169661,67.661122494938,0.31115000000000004,0.011403560638427734,
26,2d,1.3400779675438654,25.30588167845664,0.00015777616092200734,2.3100805637763116e-14,True,25.30588167845664,67.661122494938,0.31115000000000004,0.014141082763671875,
27,2d,1.6936859235389625,0.08868833605670075,0.000205053182516365,2.677863745970021e-14,True,0.08868833605670073,67.661122494938,0.31115000000000004,0.014486312866210938,
28,2d,0.22203747959335018,0.1122591401457814,4.172932761839216e-05,1.1562027716759397e-14,True,0.11225914014578142,67.661122494938,0.31115000000000004,0.00919795036315918,
29,2d,0.2933630613384075,0.0020133263702046883,4.8296575859830916e-05,1.244570792774871e-14,True,0.002013326370204682,67.661122494938,0.31115000000000004,0.011846542358398438,
30,2d,2.334805958318152,5.034142803656999,0.0003090886954263761,3.422666183039643e-14,True,5.034142803656999,67.661122494938,0.31115000000000004,0.014062643051147461,
31,2d,1.0582121525659862,1.409815658062636e-05,0.00012453702159692613,2.0309062080426104e-14,True,1.4098156580599763e-05,67.661122494938,0.31115000000000004,0.013106107711791992,
32,2d,0.5447537947112844,699.8859381762521,7.213502381388518e-05,1.5260076294828242e-14,True,699.8859381762521,67.661122494938,0.31115000000000004,0.010743379592895508,
33,2d,0.5174254894113874,0.0015980767844697404,6.953903552507709e-05,1.4976212822979253e-14,True,0.0015980767844697152,67.661122494938,0.31115000000000004,0.010796308517456055,
34,2d,1.0266945076412046,6.174048271581773,0.00012104322876463268,2.0001710366489117e-14,True,6.174048271581774,67.661122494938,0.31115000000000004,0.012300491333007812,
35,2d,2.165615140307591,2.3710537607308224e-05,0.00027913626025870264,3.214245457419684e-14,True,2.371053760730213e-05,67.661122494938,0.31115000000000004,0.013966798782348633,
36,2d,0.2899975551864772,427.4261791213982,4.7979420026127814e-05,1.2404397641295402e-14,True,427.42617912139815,67.661122494938,0.31115000000000004,0.011593341827392578,
37,2d,0.2301954298725838,0.0007538592295911721,4.2456047304548524e-05,1.1662938693180673e-14,True,0.0007538592295911473,67.661122494938,0.31115000000000004,0.008623838424682617,
38,2d,1.793594270506001,13.205679982063089,0.0002196376286439757,2.786529580460913e-14,True,13.205679982063089,67.661122494938,0.31115000000000004,0.014267683029174805,
39,2d,1.349518061355136,0.03505506465194531,0.00015895465460599929,2.319607891981268e-14,True,0.0350550646519453,67.661122494938,0.31115000000000004,0.013504981994628906,
40,2d,0.7096171028211101,0.28652886891141044,8.806351401038635e-05,1.6915220134668728e-14,True,0.2865288689114105,67.661122494938,0.31115000000000004,0.011844873428344727,
41,2d,0.596064148145281,5.144134866111933e-05,7.703432652549141e-05,1.578413913269813e-14,True,5.144134866114092e-05,67.661122494938,0.31115000000000004,0.010606527328491211,
42,2d,1.1441495205781478,191.77223448410362,0.00013428353375732408,2.1150965109626473e-14,True,191.77223448410362,67.661122494938,0.31115000000000004,0.012785196304321289,
43,2d,2.116234215860831,0.00736376395581743,0.0002707464807084817,3.155164353566314e-14,True,0.007363763955817448,67.661122494938,0.31115000000000004,0.013471364974975586,
44,2d,0.27413972570776474,1.3764813828895102,4.6491031726987485e-05,1.2208783519942322e-14,True,1.3764813828895102,67.661122494938,0.31115000000000004,0.00863504409790039,
45,2d,0.34529967513191223,0.02426702420393686,5.322006577167705e-05,1.3071427663630204e-14,True,0.024267024203936838,67.661122494938,0.31115000000000004,0.01220083236694336,
46,2d,2.554773829095112,0.4101853753121697,0.0003509524544117257,3.70875343338711e-14,True,0.4101853753121697,67.661122494938,0.31115000000000004,0.014883279800415039,
47,2d,0.870591187953647,0.0001088692663117904,0.00010434267642378719,1.8485364203677462e-14,True,0.00010886926631181737,67.661122494938,0.31115000000000004,0.012785911560058594,
48,2d,0.4346999557242171,92.27122448250276,6.170410369044081e-05,1.4090065924164162e-14,True,92.27122448250277,67.661122494938,0.31115000000000004,0.011347532272338867,
49,2d,0.41686880914018887,0.00018876946534668055,6.001482523882464e-05,1.389257595967688e-14,True,0.00018876946534668315,67.661122494938,0.31115000000000004,0.011113405227661133,
50,2d,0.8359894193034989,52.74201414979744,0.00010076865578187975,1.8149349441271547e-14,True,52.74201414979744,67.661122494938,0.31115000000000004,0.012237548828125,
51,2d,2.896346279536102,0.015023913343781451,0.0004230135608392074,4.191741571999137e-14,True,0.015023913343781448,67.661122494938,0.31115000000000004,0.015270709991455078,
52,2d,0.3919853449188799,0.6685875124037424,5.7654966842094376e-05,1.3612441154262285e-14,True,0.6685875124037424,67.661122494938,0.31115000000000004,0.010693788528442383,
53,2d,0.24116936580945855,0.0037237252377129047,4.344682147008514e-05,1.1799188287463917e-14,True,0.003723725237712916,67.661122494938,0.31115000000000004,0.008821964263916016,
54,2d,1.8592474356872315,2.649794582556632,0.00022953274965265057,2.859261773286568e-14,True,2.649794582556632,67.661122494938,0.31115000000000004,0.01367807388305664,
55,2d,1.196257805962061,9.45643526350671e-05,0.00014035526230699852,2.1664906885167985e-14,True,9.456435263505147e-05,67.661122494938,0.31115000000000004,0.012909889221191406,
56,2d,0.622385357910788,107.17969022852645,7.956480147516739e-05,1.6049287049521173e-14,True,107.17969022852645,67.661122494938,0.31115000000000004,0.01139068603515625,
57,2d,0.7418132875075449,0.05863333440057149,9.125210440900041e-05,1.723124169583883e-14,True,0.0586333344005715,67.661122494938,0.31115000000000004,0.01198124885559082,
58,2d,1.4088750952280686,0.16977595534989315,0.00016646622207973336,2.3798365050871135e-14,True,0.1697759553498932,67.661122494938,0.31115000000000004,0.013348102569580078,
59,2d,1.578141145570573,0.00048382625564186507,0.00018887786233874284,2.5549995654636456e-14,True,0.00048382625564186155,67.661122494938,0.31115000000000004,0.013568401336669922,
60,2d,0.20227524312864878,20.76450042164687,4.0011473810023104e-05,1.1320066815305837e-14,True,20.76450042164687,67.661122494938,0.31115000000000004,0.008801460266113281,
61,2d,0.328715199815155,1.1566495680370361e-05,5.164440421829148e-05,1.2874237212493596e-14,True,1.156649568034851e-05,67.661122494938,0.31115000000000004,0.012057304382324219,
62,2d,2.4580090191316253,852.9736473089466,0.0003321172745564785,3.5806798756460775e-14,True,852.9736473089467,67.661122494938,0.31115000000000004,0.01421499252319336,
63,2d,0.9847446268609447,0.0030453002682765368,0.00011645841460676463,1.9593523001033504e-14,True,0.0030453002682765407,67.661122494938,0.31115000000000004,0.012824058532714844,
64,2d,0.496942111083321,3.3286195547422737,6.759718879776195e-05,1.4760862549307187e-14,True,3.328619554742274,67.661122494938,0.31115000000000004,0.011053800582885742,
65,2d,0.5023994068926972,0.03901071147592103,6.811429942212726e-05,1.481847046940614e-14,True,0.039010711475921056,67.661122494938,0.31115000000000004,0.010937213897705078,
66,2d,0.9656339803035267,0.25752897212419196,0.00011439394426705543,1.940782760879774e-14,True,0.257528972124192,67.661122494938,0.31115000000000004,0.012245893478393555,
67,2d,2.504964424484381,0.0009708161775235076,0.0003411734493964376,3.642378218547886e-14,True,0.0009708161775234814,67.661122494938,0.31115000000000004,0.014342069625854492,
68,2d,0.3249256578830851,10.253752187472802,5.1284606324434486e-05,1.2828818627602357e-14,True,10.253752187472802,67.661122494938,0.31115000000000004,0.012084484100341797,
69,2d,0.2075048133937625,1.8412995210524517e-05,4.045951891829055e-05,1.1383650065096577e-14,True,1.841299521054829e-05,67.661122494938,0.31115000000000004,0.008682489395141602,
70,2d,1.5332265213492995,550.5146581503394,0.00018278484044341548,2.5079915411990044e-14,True,550.5146581503394,67.661122494938,0.31115000000000004,0.013165473937988281,
71,2d,1.4492007444497064,0.0014361319073991582,0.0001716708206254396,2.421090218584954e-14,True,0.001436131907399163,67.661122494938,0.31115000000000004,0.013029813766479492,
72,2d,0.7226452852858893,6.869768919927576,8.93500903629407e-05,1.704327765432352e-14,True,6.869768919927576,67.661122494938,0.31115000000000004,0.011287450790405273,
73,2d,0.6134873153043373,0.00012113742650300216,7.870784665848717e-05,1.5959895122438977e-14,True,0.00012113742650299297,67.661122494938,0.31115000000000004,0.011713027954101562,
74,2d,1.2156860371369456,82.9208874303192,0.00014265116505809123,2.185730626193919e-14,True,82.9208874303192,67.661122494938,0.31115000000000004,0.013098001480102539,
75,2d,1.8283439406340531,0.03125541219560485,0.00022484385158909532,2.8248907148527167e-14,True,0.03125541219560485,67.661122494938,0.31115000000000004,0.01389312744140625,
76,2d,0.2445072199998023,0.31854014955241394,4.375082058580179e-05,1.1840694336572498e-14,True,0.31854014955241394,67.661122494938,0.31115000000000004,0.008170604705810547,
77,2d,0.3828063520271078,0.005717719503072861,5.678365768109739e-05,1.3507697633929802e-14,True,0.005717719503072871,67.661122494938,0.31115000000000004,0.01051640510559082,
78,2d,2.986618311199689,1.7726298523574775,0.0004435885710134544,4.328199954105209e-14,True,1.7726298523574773,67.661122494938,0.31115000000000004,0.015192031860351562,
79,2d,0.8101739986688306,4.623501405601076e-05,9.813018129646701e-05,1.7898338304204333e-14,True,4.623501405598418e-05,67.661122494938,0.31115000000000004,0.012448549270629883,
80,2d,0.426577985526268,213.4124717088248,6.0934802958583165e-05,1.4000433687246395e-14,True,213.4124717088248,67.661122494938,0.31115000000000004,0.011343002319335938,
81,2d,0.44532208443668736,7.908740531486197e-05,6.270992551827641e-05,1.4206504726732931e-14,True,7.908740531487046e-05,67.661122494938,0.31115000000000004,0.01117253303527832,
82,2d,0.8468974418153509,128.16334296008174,0.00010189063539439765,1.8255318123011486e-14,True,128.16334296008174,67.661122494938,0.31115000000000004,0.013221502304077148,
83,2d,2.624482943733124,0.00358771574642299,0.0003649414001770336,3.803297482358928e-14,True,0.0035877157464229703,67.661122494938,0.31115000000000004,0.015108585357666016,
84,2d,0.33683621979374634,2.7496726991934035,5.2415811408776403e-05,1.2971120963743092e-14,True,2.7496726991934035,67.661122494938,0.31115000000000004,0.013046503067016602,
85,2d,0.2775082295692336,0.015592397006436614,4.6806345937819506e-05,1.2250468906348427e-14,True,0.015592397006436609,67.661122494938,0.31115000000000004,0.00853729248046875,
86,2d,2.0723607103853827,0.6442577472890105,0.0002634224124110123,3.103301182367833e-14,True,0.6442577472890105,67.661122494938,0.31115000000000004,0.013799905776977539,
87,2d,1.167608974052856,0.0002256950762573604,0.00013700165430924569,2.138198343889302e-14,True,0.00022569507625735952,67.661122494938,0.31115000000000004,0.013192892074584961,
88,2d,0.5884451194406873,44.103754738441516,7.630424937211498e-05,1.5706962097214164e-14,True,44.103754738441516,67.661122494938,0.31115000000000004,0.011520862579345703,
89,2d,0.6939524593011953,0.00254652553526744,8.652295748090943e-05,1.676088309498506e-14,True,0.002546525535267463,67.661122494938,0.31115000000000004,0.011708498001098633,
90,2d,1.3898128832084873,3.9797292819381904,0.00016403477385371973,2.360432592220512e-14,True,3.97972928193819,67.661122494938,0.31115000000000004,0.014661073684692383,
91,2d,1.740451605418236,1.1145569136389505e-05,0.00021180969501660002,2.7284352980793582e-14,True,1.1145569136394862e-05,67.661122494938,0.31115000000000004,0.014025211334228516,
92,2d,0.23523840247248815,885.2469911640479,4.290960323488904e-05,1.1725498221110612e-14,True,885.2469911640479,67.661122494938,0.31115000000000004,0.008229732513427734,
93,2d,0.28547984034242674,0.0005020619256039412,4.7554327771632636e-05,1.2348825631492642e-14,True,0.0005020619256039249,67.661122494938,0.31115000000000004,0.01130223274230957,
94,2d,2.203787734361444,20.006030044729183,0.00028572938590148923,3.260444116523649e-14,True,20.006030044729183,67.661122494938,0.31115000000000004,0.013962507247924805,
95,2d,1.008233044505068,0.07011242415401377,0.00011901645052829466,1.9821964537987563e-14,True,0.07011242415401375,67.661122494938,0.31115000000000004,0.012669801712036133,
96,2d,0.5252584986930628,0.14198912670347333,7.028240111548543e-05,1.505795858071082e-14,True,0.1419891267034733,67.661122494938,0.31115000000000004,0.011393308639526367,
97,2d,0.5317125439611275,0.0006192446409645938,7.0895303376215e-05,1.5125076648535125e-14,True,0.000619244640964578,67.661122494938,0.31115000000000004,0.010940313339233398,
98,2d,1.0877351598591598,16.0778108534145,0.00012784852525288403,2.0597586552274105e-14,True,16.0778108534145,67.661122494938,0.31115000000000004,0.013258695602416992,
99,2d,2.2729715155830075,0.04267893572910194,0.00029792177633007855,3.345384388847198e-14,True,0.04267893572910192,67.661122494938,0.31115000000000004,0.014134883880615234,
100,2d,0.30076037387166515,0.23535772906840918,4.8994924113646776e-05,1.253622109491691e-14,True,0.23535772906840918,67.661122494938,0.31115000000000004,0.011616706848144531,
101,2d,0.21932335229720423,0.0013126779764379287,4.1489634806198454e-05,1.1528559184212669e-14,True,0.0013126779764379148,67.661122494938,0.31115000000000004,0.008835077285766602,
102,2d,1.7294063328132212,7.516788876975963,0.00021020284166084366,2.716445375133114e-14,True,7.516788876975964,67.661122494938,0.31115000000000004,0.014959096908569336,
103,2d,1.3132539953591926,2.8867423559983294e-05,0.00015445138781285993,2.283082232059077e-14,True,2.8867423560008376e-05,67.661122494938,0.31115000000000004,0.013391971588134766,
104,2d,0.6697967537258764,351.1014654069228,8.416033986055746e-05,1.6521998179615602e-14,True,351.1014654069228,67.661122494938,0.31115000000000004,0.011269092559814453,
105,2d,0.5678646898975807,0.019228795456411582,7.433695518474146e-05,1.5497426145754346e-14,True,0.019228795456411596,67.661122494938,0.31115000000000004,0.011043071746826172,
106,2d,1.1031127486722907,0.5176872915240862,0.00012958858897681088,2.0748149799456533e-14,True,0.5176872915240862,67.661122494938,0.31115000000000004,0.012624263763427734,
107,2d,2.059539219488647,0.00013740322286633205,0.000261304892131047,3.0882540464563987e-14,True,0.0001374032228663169,67.661122494938,0.31115000000000004,0.013315916061401367,
108,2d,0.258777579048295,73.11606455363287,4.506220791702017e-05,1.2018182029444053e-14,True,73.11606455363287,67.661122494938,0.31115000000000004,0.008296012878417969,
109,2d,0.3548048440979086,4.076236248252941e-05,5.4123443273797005e-05,1.3183263915834675e-14,True,4.076236248251597e-05,67.661122494938,0.31115000000000004,0.011121511459350586,
110,2d,2.706437938369696,242.03427685104242,0.0003818496142230746,3.917004550938813e-14,True,242.03427685104242,67.661122494938,0.31115000000000004,0.014520645141601562,
111,2d,0.9138242709470403,0.009293678986889207,0.0001088711143748447,1.8904893977072136e-14,True,0.009293678986889209,67.661122494938,0.31115000000000004,0.012410879135131836,
112,2d,0.4508708735754834,1.0907002720185373,6.323524028224399e-05,1.42669865066878e-14,True,1.0907002720185373,67.661122494938,0.31115000000000004,0.011253595352172852,
113,2d,0.3977074207685869,0.005235004650501554,5.819791052936308e-05,1.3677346474890087e-14,True,0.005235004650501529,67.661122494938,0.31115000000000004,0.011043787002563477,
114,2d,0.8050029916211011,1.884733179444759,9.760447201737668e-05,1.7848013310637536e-14,True,1.8847331794447593,67.661122494938,0.31115000000000004,0.012323141098022461,
115,2d,2.822258133894765,6.726061446361862e-05,0.00040661803103487056,4.082624863054194e-14,True,6.726061446360454e-05,67.661122494938,0.31115000000000004,0.014990091323852539,
116,2d,0.3694984029841385,150.6749214878053,5.5519704965831175e-05,1.335443894649595e-14,True,150.6749214878053,67.661122494938,0.31115000000000004,0.011132001876831055,
117,2d,0.2474999439102903,0.0002653748399603295,4.402433117750122e-05,1.1877919846530144e-14,True,0.0002653748399603084,67.661122494938,0.31115000000000004,0.009484529495239258,
118,2d,1.9724010906859775,37.51375730788587,0.0002471834603539237,2.9872590970627575e-14,True,37.51375730788587,67.661122494938,0.31115000000000004,0.013946533203125,
119,2d,1.2538952867721431,0.010686125279555533,0.00014721819203856483,2.223704465776114e-14,True,0.010686125279555536,67.661122494938,0.31115000000000004,0.013451099395751953,
120,2d,0.6463412393056573,0.9399357783364926,8.188032445441452e-05,1.6288841837426514e-14,True,0.9399357783364926,67.661122494938,0.31115000000000004,0.011497020721435547,
121,2d,0.7612228726112288,1.6856010746574013e-05,9.318959570477992e-05,1.7421109018855854e-14,True,1.685601074657983e-05,67.661122494938,0.31115000000000004,0.011250734329223633,
122,2d,1.4944943065721352,585.2541033835545,0.00017761609583556625,2.4677703772463566e-14,True,585.2541033835545,67.661122494938,0.31115000000000004,0.013353347778320312,
123,2d,1.6543145124031893,0.002089499695282236,0.00019945942487130464,2.635673434635364e-14,True,0.0020894996952822154,67.661122494938,0.31115000000000004,0.014473676681518555,
124,2d,0.21007845287006804,4.850975493602164,4.0681841868612704e-05,1.1415074155821254e-14,True,4.850975493602164,67.661122494938,0.31115000000000004,0.008923053741455078,
125,2d,0.3135796052740913,0.0854494036692511,5.020832215090571e-05,1.2692059762092071e-14,True,0.08544940366925113,67.661122494938,0.31115000000000004,0.011455774307250977,
126,2d,2.3667067150965626,0.11649005523779567,0.000314950988394616,3.463056081731031e-14,True,0.11649005523779565,67.661122494938,0.31115000000000004,0.014267444610595703,
127,2d,0.9596351526415686,0.00033196921315607584,0.0001137489789707815,1.9349563666343758e-14,True,0.0003319692131560914,67.661122494938,0.31115000000000004,0.01283884048461914,
128,2d,0.46847269949726,30.26042080674197,6.490145879289591e-05,1.4457364244337943e-14,True,30.26042080674197,67.661122494938,0.31115000000000004,0.011187314987182617,
0,mu_only,0.4792662831390549,0.08035,6.59232831203068e-05,1.4573046728855808e-14,True,0.08035000000000003,67.661122494938,0.31115000000000004,0.010917901992797852,
1,mu_only,1.3386816540369246,0.08035,0.00015760221941224267,2.3086725060587912e-14,True,0.08035000000000003,67.661122494938,0.31115000000000004,0.013225793838500977,
2,mu_only,2.498201695582736,0.08035,0.0003398594723235083,3.633440415115182e-14,True,0.08035000000000003,67.661122494938,0.31115000000000004,0.014141559600830078,
3,mu_only,0.23623129302633347,0.08035,4.2999261583297015e-05,1.1737827264144097e-14,True,0.08035000000000003,67.661122494938,0.31115000000000004,0.008759498596191406,
4,mu_only,0.30760436489023324,0.08035,4.964231169383581e-05,1.2619588680782172e-14,True,0.08035000000000003,67.661122494938,0.31115000000000004,0.011172056198120117,
5,mu_only,1.6846134883052988,0.08035,0.00020375659071703007,2.668111017190667e-14,True,0.08035000000000003,67.661122494938,0.31115000000000004,0.014221668243408203,
6,mu_only,0.9646491947844787,0.08035,0.00011428796465572968,1.9398262056684662e-14,True,0.08035000000000003,67.661122494938,0.31115000000000004,0.012273311614990234,
7,mu_only,0.6958032329588878,0.08035,8.670461953162015e-05,1.6779140153982047e-14,True,0.08035000000000003,67.661122494938,0.31115000000000004,0.011998891830444336,
8,mu_only,0.6411004401805528,0.08035,8.137267114156645e-05,1.6236565416825736e-14,True,0.08035000000000003,67.661122494938,0.31115000000000004,0.011673212051391602,
9,mu_only,0.8835177715658085,0.08035,0.00010568922237742798,1.8610818478885986e-14,True,0.08035000000000003,67.661122494938,0.31115000000000004,0.013052940368652344,
10,mu_only,1.839613674990316,0.08035,0.00022654732007412545,2.8373967624247346e-14,True,0.08035000000000003,67.661122494938,0.31115000000000004,0.013850927352905273,
11,mu_only,0.33390644452504226,0.08035,5.213746910025439e-05,1.293623992075171e-14,True,0.08035000000000003,67.661122494938,0.31115000000000004,0.011483430862426758,
12,mu_only,0.2564096913377067,0.08035,4.484341977203019e-05,1.198874361191139e-14,True,0.08035000000000003,67.661122494938,0.31115000000000004,0.008295536041259766,
13,mu_only,2.727821865272081,0.08035,0.00038634487182839534,3.9471412176730275e-14,True,0.08035000000000003,67.661122494938,0.31115000000000004,0.014306068420410156,
14,mu_only,1.2261983979411448,0.08035,0.00014390080770012198,2.1961599865022663e-14,True,0.08035000000000003,67.661122494938,0.31115000000000004,0.013754844665527344,
15,mu_only,0.4416234308249424,0.08035,6.235973323047347e-05,1.41660600580711e-14,True,0.08035000000000003,67.661122494938,0.31115000000000004,0.010808706283569336,
16,mu_only,0.3967398502857671,0.08035,5.8106113907740535e-05,1.3666392181726822e-14,True,0.08035000000000003,67.661122494938,0.31115000000000004,0.01138925552368164,
17,mu_only,1.102307703815641,0.08035,0.00012949723747508136,2.0740262841438903e-14,True,0.08035000000000003,67.661122494938,0.31115000000000004,0.012509346008300781,
18,mu_only,2.9083133968119856,0.08035,0.00042570306605157533,4.209606987770943e-14,True,0.08035000000000003,67.661122494938,0.31115000000000004,0.014953374862670898,
19,mu_only,0.2735567433677499,0.08035,4.643654684934623e-05,1.2201566869897582e-14,True,0.08035000000000003,67.661122494938,0.31115000000000004,0.008559942245483398,
20,mu_only,0.3716430965382551,0.08035,5.572345211181141e-05,1.337925119851891e-14,True,0.08035000000000003,67.661122494938,0.31115000000000004,0.01116633415222168,
21,mu_only,2.046159656752171,0.08035,0.0002591061439318191,3.072603864617419e-14,True,0.08035000000000003,67.661122494938,0.31115000000000004,0.013024091720581055,
22,mu_only,0.8287720674417923,0.08035,0.00010002863632870239,1.80792071939377e-14,True,0.08035000000000003,67.661122494938,0.31115000000000004,0.012159347534179688,
23,mu_only,0.6009773432353358,0.08035,7.750567038027542e-05,1.5833801484440016e-14,True,0.08035000000000003,67.661122494938,0.31115000000000004,0.011024951934814453,
24,mu_only,0.7734291443203319,0.08035,9.441415146067317e-05,1.75403033293731e-14,True,0.08035000000000003,67.661122494938,0.31115000000000004,0.01175546646118164,
25,mu_only,1.0715566455850536,0.08035,0.00012602912322861787,2.0439393979140654e-14,True,0.08035000000000003,67.661122494938,0.31115000000000004,0.012727737426757812,
26,mu_only,1.5822943140607404,0.08035,0.000189446708943188,2.5593668099266568e-14,True,0.08035000000000003,67.661122494938,0.31115000000000004,0.013503551483154297,
27,mu_only,0.2887298455804197,0.08035,4.7860057724954475e-05,1.2388817058833073e-14,True,0.08035000000000003,67.661122494938,0.31115000000000004,0.011291980743408203,
28,mu_only,0.21250851097194912,0.08035,4.0892815834702936e-05,1.1444817529309493e-14,True,0.08035000000000003,67.661122494938,0.31115000000000004,0.008668661117553711,
29,mu_only,2.248820350907778,0.08035,0.0002936296779591997,3.3155527003286525e-14,True,0.08035000000000003,67.661122494938,0.31115000000000004,0.013534069061279297,
30,mu_only,1.4253362348623297,0.08035,0.000168580769568483,2.3966425999203718e-14,True,0.08035000000000003,67.661122494938,0.31115000000000004,0.012493610382080078,
31,mu_only,0.5106280880212215,0.08035,6.889433610270659e-05,1.4905009607806633e-14,True,0.08035000000000003,67.661122494938,0.31115000000000004,0.011436223983764648,
32,mu_only,0.5482602297350666,0.08035,7.24686709742627e-05,1.529623808282553e-14,True,0.08035000000000003,67.661122494938,0.31115000000000004,0.011179685592651367,
33,mu_only,1.5142275742023779,0.08035,0.00018023963267612252,2.488226453165284e-14,True,0.08035000000000003,67.661122494938,0.31115000000000004,0.013812065124511719,
34,mu_only,2.2329020338365235,0.08035,0.0002908218174732537,3.295996532892931e-14,True,0.08035000000000003,67.661122494938,0.31115000000000004,0.013958930969238281,
35,mu_only,0.2043921794604892,0.08035,4.019222847320345e-05,1.1345759400241289e-14,True,0.08035000000000003,67.661122494938,0.31115000000000004,0.008637428283691406,
36,mu_only,0.2967305738246195,0.08035,4.861428962848073e-05,1.2486962825398571e-14,True,0.08035000000000003,67.661122494938,0.31115000000000004,0.01172327995300293,
37,mu_only,1.6089764043117845,0.08035,0.00019312340688916845,2.5875091021490218e-14,True,0.08035000000000003,67.661122494938,0.31115000000000004,0.015325546264648438,
38,mu_only,1.0211063276774788,0.08035,0.00012042821661854995,1.9947282398840305e-14,True,0.08035000000000003,67.661122494938,0.31115000000000004,0.012656688690185547,
39,mu_only,0.7139197518388843,0.08035,8.848787291056444e-05,1.6957541010722177e-14,True,0.08035000000000003,67.661122494938,0.31115000000000004,0.011886119842529297,
40,mu_only,0.5546892634734164,0.08035,7.30807970760009e-05,1.5362397208304807e-14,True,0.08035000000000003,67.661122494938,0.31115000000000004,0.01110696792602539,
41,mu_only,0.7896888122240198,0.08035,9.605291161623032e-05,1.7698864742048986e-14,True,0.08035000000000003,67.661122494938,0.31115000000000004,0.012238025665283203,
42,mu_only,2.0808306805411614,0.08035,0.000264826909545178,3.113268327023922e-14,True,0.08035000000000003,67.661122494938,0.31115000000000004,0.013671636581420898,
43,mu_only,0.38197395880750873,0.08035,5.670462257596185e-05,1.3498160372860694e-14,True,0.08035000000000003,67.661122494938,0.31115000000000004,0.011352062225341797,
44,mu_only,0.26308625997585683,0.08035,4.5461391477414596e-05,1.20717180378594e-14,True,0.08035000000000003,67.661122494938,0.31115000000000004,0.008557319641113281,
45,mu_only,2.887494440809384,0.08035,0.0004210316105616748,4.1785703541722845e-14,True,0.08035000000000003,67.661122494938,0.31115000000000004,0.014324665069580078,
46,mu_only,1.1711472000700431,0.08035,0.00013741379065295947,2.1416876480436747e-14,True,0.08035000000000003,67.661122494938,0.31115000000000004,0.012195348739624023,
47,mu_only,0.42601504472996343,0.08035,6.088147308803726e-05,1.3994201394905366e-14,True,0.08035000000000003,67.661122494938,0.31115000000000004,0.011192560195922852,
0,c4_only,1.0,0.0038034894596446164,0.00011811720750749558,1.9741863069299735e-14,True,0.0038034894596445934,67.661122494938,0.31115000000000004,0.01191568374633789,
1,c4_only,1.0,4.023388250598477,0.00011811720750749558,1.9741863069299735e-14,True,4.023388250598477,67.661122494938,0.31115000000000004,0.01256108283996582,
2,c4_only,1.0,276.40275320065484,0.00011811720750749558,1.9741863069299735e-14,True,276.40275320065484,67.661122494938,0.31115000000000004,0.012230157852172852,
3,c4_only,1.0,3.141976233142613e-05,0.00011811720750749558,1.9741863069299735e-14,True,3.1419762331452716e-05,67.661122494938,0.31115000000000004,0.013096809387207031,
4,c4_only,1.0,0.000188159166952677,0.00011811720750749558,1.9741863069299735e-14,True,0.00018815916695269497,67.661122494938,0.31115000000000004,0.01300954818725586,
5,c4_only,1.0,19.114273132588163,0.00011811720750749558,1.9741863069299735e-14,True,19.114273132588163,67.661122494938,0.31115000000000004,0.013254642486572266,
6,c4_only,1.0,0.43630740499671183,0.00011811720750749558,1.9741863069299735e-14,True,0.43630740499671183,67.661122494938,0.31115000000000004,0.012589216232299805,
7,c4_only,1.0,0.047629298502019767,0.00011811720750749558,1.9741863069299735e-14,True,0.047629298502019746,67.661122494938,0.31115000000000004,0.012734651565551758,
8,c4_only,1.0,0.027339272239148015,0.00011811720750749558,1.9741863069299735e-14,True,0.027339272239148005,67.661122494938,0.31115000000000004,0.013741493225097656,
9,c4_only,1.0,0.24050306046490363,0.00011811720750749558,1.9741863069299735e-14,True,0.24050306046490366,67.661122494938,0.31115000000000004,0.012949466705322266,
10,c4_only,1.0,34.7151879297314,0.00011811720750749558,1.9741863069299735e-14,True,34.7151879297314,67.661122494938,0.31115000000000004,0.013008832931518555,
11,c4_only,1.0,0.0003281711107839635,0.00011811720750749558,1.9741863069299735e-14,True,0.0003281711107839813,67.661122494938,0.31115000000000004,0.01323843002319336,
12,c4_only,1.0,5.476947126564359e-05,0.00011811720750749558,1.9741863069299735e-14,True,5.4769471265647685e-05,67.661122494938,0.31115000000000004,0.012992143630981445,
13,c4_only,1.0,501.70392624525766,0.00011811720750749558,1.9741863069299735e-14,True,501.7039262452577,67.661122494938,0.31115000000000004,0.012607336044311523,
14,c4_only,1.0,2.2190880674990394,0.00011811720750749558,1.9741863069299735e-14,True,2.2190880674990394,67.661122494938,0.31115000000000004,0.013342857360839844,
15,c4_only,1.0,0.002184420888190367,0.00011811720750749558,1.9741863069299735e-14,True,0.002184420888190375,67.661122494938,0.31115000000000004,0.013087034225463867,
16,c4_only,1.0,0.0010562538520261994,0.00011811720750749558,1.9741863069299735e-14,True,0.0010562538520261788,67.661122494938,0.31115000000000004,0.012856006622314453,
17,c4_only,1.0,1.0778582368963858,0.00011811720750749558,1.9741863069299735e-14,True,1.0778582368963858,67.661122494938,0.31115000000000004,0.012460708618164062,
18,c4_only,1.0,774.6274938034541,0.00011811720750749558,1.9741863069299735e-14,True,774.627493803454,67.661122494938,0.31115000000000004,0.0124969482421875,
19,c4_only,1.0,8.494446475532796e-05,0.00011811720750749558,1.9741863069299735e-14,True,8.494446475532103e-05,67.661122494938,0.31115000000000004,0.012447595596313477,
20,c4_only,1.0,0.0006782084340101445,0.00011811720750749558,1.9741863069299735e-14,True,0.0006782084340101191,67.661122494938,0.31115000000000004,0.012499809265136719,
21,c4_only,1.0,71.42121566656935,0.00011811720750749558,1.9741863069299735e-14,True,71.42121566656935,67.661122494938,0.31115000000000004,0.013015270233154297,
22,c4_only,1.0,0.15587640300467895,0.00011811720750749558,1.9741863069299735e-14,True,0.15587640300467898,67.661122494938,0.31115000000000004,0.012767314910888672,
23,c4_only,1.0,0.01763987850578589,0.00011811720750749558,1.9741863069299735e-14,True,0.01763987850578591,67.661122494938,0.31115000000000004,0.012650728225708008,
24,c4_only,1.0,0.09756448352898311,0.00011811720750749558,1.9741863069299735e-14,True,0.09756448352898311,67.661122494938,0.31115000000000004,0.012883424758911133,
25,c4_only,1.0,0.8897236730640753,0.00011811720750749558,1.9741863069299735e-14,True,0.8897236730640754,67.661122494938,0.31115000000000004,0.011983633041381836,
26,c4_only,1.0,12.49864204400939,0.00011811720750749558,1.9741863069299735e-14,True,12.49864204400939,67.661122494938,0.31115000000000004,0.012525320053100586,
27,c4_only,1.0,0.00012248394811346027,0.00011811720750749558,1.9741863069299735e-14,True,0.00012248394811348318,67.661122494938,0.31115000000000004,0.012568950653076172,
28,c4_only,1.0,1.5332120553286732e-05,0.00011811720750749558,1.9741863069299735e-14,True,1.5332120553268602e-05,67.661122494938,0.31115000000000004,0.012987613677978516,
29,c4_only,1.0,135.48670999345606,0.00011811720750749558,1.9741863069299735e-14,True,135.48670999345606,67.661122494938,0.31115000000000004,0.012557268142700195,
30,c4_only,1.0,6.155594545107559,0.00011811720750749558,1.9741863069299735e-14,True,6.15559454510756,67.661122494938,0.31115000000000004,0.01282954216003418,
31,c4_only,1.0,0.005845363552771529,0.00011811720750749558,1.9741863069299735e-14,True,0.005845363552771543,67.661122494938,0.31115000000000004,0.013257265090942383,
32,c4_only,1.0,0.009466322879405117,0.00011811720750749558,1.9741863069299735e-14,True,0.009466322879405131,67.661122494938,0.31115000000000004,0.012402772903442383,
33,c4_only,1.0,9.276787964147545,0.00011811720750749558,1.9741863069299735e-14,True,9.276787964147545,67.661122494938,0.31115000000000004,0.012476205825805664,
34,c4_only,1.0,129.1162216513065,0.00011811720750749558,1.9741863069299735e-14,True,129.1162216513065,67.661122494938,0.31115000000000004,0.01287984848022461,
35,c4_only,1.0,1.1774547735786995e-05,0.00011811720750749558,1.9741863069299735e-14,True,1.1774547735765584e-05,67.661122494938,0.31115000000000004,0.012600183486938477,
36,c4_only,1.0,0.00014742052106914247,0.00011811720750749558,1.9741863069299735e-14,True,0.0001474205210691415,67.661122494938,0.31115000000000004,0.013008356094360352,
37,c4_only,1.0,13.999079920018131,0.00011811720750749558,1.9741863069299735e-14,True,13.999079920018133,67.661122494938,0.31115000000000004,0.012358665466308594,
38,c4_only,1.0,0.6415947423974735,0.00011811720750749558,1.9741863069299735e-14,True,0.6415947423974736,67.661122494938,0.31115000000000004,0.012796640396118164,
39,c4_only,1.0,0.056696367948086517,0.00011811720750749558,1.9741863069299735e-14,True,0.05669636794808652,67.661122494938,0.31115000000000004,0.012140989303588867,
40,c4_only,1.0,0.010244879297212675,0.00011811720750749558,1.9741863069299735e-14,True,0.010244879297212683,67.661122494938,0.31115000000000004,0.012752771377563477,
41,c4_only,1.0,0.11234378524703131,0.00011811720750749558,1.9741863069299735e-14,True,0.11234378524703131,67.661122494938,0.31115000000000004,0.01288461685180664,
42,c4_only,1.0,80.0386859778077,0.00011811720750749558,1.9741863069299735e-14,True,80.0386859778077,67.661122494938,0.31115000000000004,0.012518644332885742,
43,c4_only,1.0,0.0008167577411999453,0.00011811720750749558,1.9741863069299735e-14,True,0.000816757741199936,67.661122494938,0.31115000000000004,0.012432575225830078,
44,c4_only,1.0,6.519658704144676e-05,0.00011811720750749558,1.9741863069299735e-14,True,6.519658704146059e-05,67.661122494938,0.31115000000000004,0.012283563613891602,
45,c4_only,1.0,737.8023698998543,0.00011811720750749558,1.9741863069299735e-14,True,737.8023698998543,67.661122494938,0.31115000000000004,0.012294292449951172,
46,c4_only,1.0,1.6252692488465992,0.00011811720750749558,1.9741863069299735e-14,True,1.6252692488465992,67.661122494938,0.31115000000000004,0.012435674667358398,
47,c4_only,1.0,0.0017115492477343265,0.00011811720750749558,1.9741863069299735e-14,True,0.001711549247734312,67.661122494938,0.31115000000000004,0.013120651245117188,
